epoch,accuracy_train,accuracy_test,loss_train,loss_test,precision_train,precision_test,recall_train,recall_test,f1_score_train,f1_score_test
1,0.18885,0.1909,2.2723865509033203,2.2719039916992188,0.37386232848753226,0.37615844533683784,0.4764527794130014,0.4774887443721861,0.2178654023447757,0.2156035617549262
2,0.33848333333333336,0.3331,2.228933334350586,2.2278409004211426,0.7327502552855418,0.7283993596603029,0.41762286654328606,0.4112853438696135,0.3912946970384506,0.3812706530117687
3,0.6039166666666667,0.6028,2.13834810256958,2.135368585586548,0.6988845377472688,0.6999398762608071,0.663900034811924,0.7442894184467218,0.6007358167437941,0.6701492755031743
4,0.6530666666666667,0.6606,1.9209065437316895,1.9137048721313477,0.68420674788727,0.6903170999604479,0.7179318052730904,0.7252964426877471,0.6563106682548868,0.6633909179687371
5,0.6920333333333333,0.7077,1.437069296836853,1.4197419881820679,0.7181489456654828,0.7339530037511733,0.6920333333333333,0.7077,0.6534468557887191,0.6707015519541761
6,0.76115,0.7736,0.961323082447052,0.9367666840553284,0.7681300894274848,0.7802925819199124,0.76115,0.7736,0.7511025145885881,0.7644639454653159
7,0.8050666666666667,0.8164,0.7253596782684326,0.7010942697525024,0.8048084867727892,0.8162642989120624,0.8050666666666667,0.8164,0.8022695813221978,0.8136654164545795
8,0.8336833333333333,0.8431,0.6021442413330078,0.5797158479690552,0.8326015807377553,0.8422337005360623,0.8336833333333333,0.8431,0.832764772666065,0.8423227181291685
9,0.85165,0.8592,0.5273478031158447,0.5059277415275574,0.8522094885478168,0.859950599742064,0.85165,0.8592,0.8509591740785447,0.8584837125646027
10,0.8615333333333334,0.8689,0.48172861337661743,0.45969125628471375,0.8619825740448117,0.8689810725298772,0.8615333333333334,0.8689,0.8611188574041997,0.8683193291000847
11,0.8711166666666667,0.8777,0.44639426469802856,0.4245952069759369,0.8715295583586089,0.877913732950138,0.8711166666666667,0.8777,0.8708885647478872,0.8773669458254985
12,0.8779,0.8844,0.41902032494544983,0.3990590572357178,0.8778651257238259,0.88470176496855,0.8779,0.8844,0.8777102304667426,0.8841946186477496
13,0.8800333333333333,0.8867,0.4063907265663147,0.38618987798690796,0.8821250736386184,0.8888340831785941,0.8800333333333333,0.8867,0.8804166503558415,0.8870758610548545
14,0.8823666666666666,0.8899,0.3913317024707794,0.36866477131843567,0.8833136351553224,0.8908793203749193,0.8823666666666666,0.8899,0.8821431532928654,0.8896602962558899
15,0.8850166666666667,0.8904,0.3821179270744324,0.3631387948989868,0.8864436003444709,0.8915114834810405,0.8850166666666667,0.8904,0.8843554024573969,0.8896423803747846
16,0.8912,0.8971,0.3632616400718689,0.3429346978664398,0.8918623390821875,0.8977644765742465,0.8912,0.8971,0.8910182695366377,0.8969199052298192
17,0.8946333333333333,0.9018,0.35100793838500977,0.33204028010368347,0.8946582058431761,0.9017340603451128,0.8946333333333333,0.9018,0.8943259785575683,0.9014296327122145
18,0.8973,0.9032,0.34136462211608887,0.32474803924560547,0.8970383386217636,0.9033915198497207,0.8973,0.9032,0.8969342094719778,0.9028483542990676
19,0.8984,0.9057,0.33510106801986694,0.3157346844673157,0.8986142919240123,0.9057334482223935,0.8984,0.9057,0.8979738034489492,0.9052070420826364
20,0.9014333333333333,0.9079,0.3262430727481842,0.30935055017471313,0.9018526377522587,0.9086428434470283,0.9014333333333333,0.9079,0.9011474435576797,0.9076198522981558
21,0.9016166666666666,0.9092,0.3246349096298218,0.30505290627479553,0.9023795725292602,0.9097686206854753,0.9016166666666666,0.9092,0.9012931286149611,0.9088925949343355
22,0.9032666666666667,0.9084,0.3156917989253998,0.29757124185562134,0.9055115129833741,0.9101492298879682,0.9032666666666667,0.9084,0.9033564825158665,0.9083735724590708
23,0.90875,0.9142,0.3016933500766754,0.2821964919567108,0.9094290715737707,0.9145703844187639,0.90875,0.9142,0.9087459768185662,0.9141051533953035
24,0.9103,0.9159,0.29555875062942505,0.2800503671169281,0.9105493592489982,0.9165467811538056,0.9103,0.9159,0.9100384502933542,0.9156690718277
25,0.9134333333333333,0.919,0.2889556884765625,0.2735621929168701,0.9137346942767458,0.9193686311477599,0.9134333333333333,0.919,0.9133207988474236,0.9187770343886036
26,0.9142333333333333,0.9189,0.2881898880004883,0.2712506949901581,0.9151808974487528,0.9194527024847025,0.9142333333333333,0.9189,0.9141251283252398,0.9188034429148154
27,0.9169666666666667,0.9228,0.2753644287586212,0.2569364607334137,0.9178437560390993,0.9236331995644952,0.9169666666666667,0.9228,0.9170887144514299,0.9228954180246396
28,0.9201,0.9264,0.26642143726348877,0.24964675307273865,0.9201521869286307,0.9264511920828118,0.9201,0.9264,0.9200319640011347,0.9262601417497044
29,0.9218,0.926,0.2627597153186798,0.24773229658603668,0.922560662417905,0.9266252270027499,0.9218,0.926,0.9219193943316684,0.9260479273805142
30,0.9211833333333334,0.9271,0.26123422384262085,0.24361245334148407,0.9226270045982672,0.9282674744415635,0.9211833333333334,0.9271,0.9213549299996863,0.9271611229097813
31,0.9262,0.9318,0.24874979257583618,0.23306378722190857,0.9261018885276191,0.9317186321385401,0.9262,0.9318,0.9261170829129428,0.9316673256235987
32,0.9240333333333334,0.9311,0.2511984407901764,0.2339232861995697,0.9243194698065734,0.931356852303499,0.9240333333333334,0.9311,0.9238000108515254,0.9309049027077346
33,0.9286666666666666,0.935,0.23865635693073273,0.22350852191448212,0.9288950707009752,0.9352975014444832,0.9286666666666666,0.935,0.9286608846037072,0.9349737085419282
34,0.9284166666666667,0.9353,0.23694247007369995,0.21891707181930542,0.9292292549081729,0.9358578534110121,0.9284166666666667,0.9353,0.9284921434935314,0.9353059684169801
35,0.9314333333333333,0.9356,0.22895245254039764,0.2137431651353836,0.9314747505097216,0.9357247066906348,0.9314333333333333,0.9356,0.9313434046847401,0.935501281067449
36,0.934,0.9379,0.22292597591876984,0.21012963354587555,0.9339817791620059,0.9380846932048998,0.934,0.9379,0.9339156765253325,0.9378256639058332
37,0.93335,0.9382,0.22278980910778046,0.20827439427375793,0.9339724945803656,0.9386570143329463,0.93335,0.9382,0.9333167717324452,0.9381329803319197
38,0.9371833333333334,0.9408,0.21202526986598969,0.19700004160404205,0.9370801855279972,0.9407906357845573,0.9371833333333334,0.9408,0.9370879414755441,0.9407057813060985
39,0.9373333333333334,0.9431,0.20991595089435577,0.19524960219860077,0.9372661897965084,0.9431492989965107,0.9373333333333334,0.9431,0.9371911427045987,0.942971433633495
40,0.9381833333333334,0.9423,0.20616675913333893,0.1926199048757553,0.9387270172518211,0.9427711842269826,0.9381833333333334,0.9423,0.9382417411109887,0.9422989689769645
41,0.93995,0.946,0.20114560425281525,0.18585795164108276,0.9401066612864013,0.9462167677422789,0.93995,0.946,0.9399168020360904,0.9459875819848574
42,0.9405666666666667,0.9446,0.19847159087657928,0.18689298629760742,0.9407490626488652,0.9451462232368835,0.9405666666666667,0.9446,0.9405068020346264,0.9445344395866796
43,0.9409666666666666,0.946,0.19541428983211517,0.1829078197479248,0.9414547353719335,0.9467836462043752,0.9409666666666666,0.946,0.9409855396779421,0.9459972205075972
44,0.9434833333333333,0.9465,0.19010886549949646,0.1787480115890503,0.943749245567001,0.9469375328827702,0.9434833333333333,0.9465,0.9434791066172432,0.9464928494867029
45,0.9440166666666666,0.9483,0.18850919604301453,0.17457805573940277,0.9442538516930247,0.948584905083967,0.9440166666666666,0.9483,0.9439890848639201,0.9482808234456949
46,0.9459166666666666,0.9511,0.1824435591697693,0.17004619538784027,0.9459550400944347,0.9512159991378681,0.9459166666666666,0.9511,0.9458272365777803,0.9509983719119471
47,0.94675,0.9523,0.17892055213451385,0.1666431427001953,0.9467683354063015,0.9525123869548441,0.94675,0.9523,0.9466876016711796,0.9522391897295016
48,0.9461,0.9513,0.18047542870044708,0.16608445346355438,0.9463952397826672,0.9514411045336275,0.9461,0.9513,0.9459549766998498,0.9511857899558647
49,0.94635,0.951,0.17894694209098816,0.16603979468345642,0.9469929530818496,0.9518640956360054,0.94635,0.951,0.9463236556525623,0.9509872737292974
50,0.9497166666666667,0.9532,0.17119142413139343,0.15930922329425812,0.9498416386061004,0.9534232277284597,0.9497166666666667,0.9532,0.9496097718200739,0.9531283081818716
51,0.95105,0.9556,0.16759783029556274,0.15661212801933289,0.9511023180626457,0.9558020052443055,0.95105,0.9556,0.9509430179953688,0.955545609472917
52,0.9519,0.9567,0.16285648941993713,0.1500733345746994,0.9520032480810618,0.9568047891891128,0.9519,0.9567,0.9518757620584123,0.9566838541831456
53,0.9528666666666666,0.9582,0.15845955908298492,0.14644747972488403,0.95289649287622,0.9582478795795534,0.9528666666666666,0.9582,0.9528448183858519,0.9581750491577313
54,0.9526833333333333,0.9577,0.15846554934978485,0.14444096386432648,0.9527791403116588,0.9577195864157544,0.9526833333333333,0.9577,0.9526263204776666,0.9576364628548848
55,0.9544333333333334,0.9577,0.15513989329338074,0.14614439010620117,0.9544252612350833,0.9579481886830948,0.9544333333333334,0.9577,0.9543728066918362,0.9576725083311205
56,0.9542,0.9578,0.153133362531662,0.14162997901439667,0.9543468485691867,0.9579193851333112,0.9542,0.9578,0.9541837640982522,0.9577696504038544
57,0.95495,0.9594,0.15198583900928497,0.13854801654815674,0.9549894380612667,0.9594312812094001,0.95495,0.9594,0.9548692304663223,0.9593361081341869
58,0.9548666666666666,0.96,0.1525592803955078,0.14119262993335724,0.9549470538735613,0.9602009153669151,0.9548666666666666,0.96,0.9547249830669904,0.9598965878932986
59,0.9563,0.9601,0.1463969200849533,0.13465054333209991,0.9564985253448,0.9603541735962122,0.9563,0.9601,0.9562989393580017,0.960118855271764
60,0.9563666666666667,0.9609,0.1462578922510147,0.13613726198673248,0.9566872276096499,0.9612328815106963,0.9563666666666667,0.9609,0.9563829757261663,0.9608713867893792
61,0.9581166666666666,0.9628,0.1420643925666809,0.13102668523788452,0.958147921287778,0.9628962556001905,0.9581166666666666,0.9628,0.9580311366160966,0.9627475259360555
62,0.9576833333333333,0.9615,0.1426059603691101,0.1344316601753235,0.9579277127164048,0.9619705351551605,0.9576833333333333,0.9615,0.9576938537118643,0.9615147569180393
63,0.9600333333333333,0.9648,0.13630744814872742,0.12741895020008087,0.9600579548777097,0.9649912729063348,0.9600333333333333,0.9648,0.9600150314560968,0.9647941179191039
64,0.95925,0.9626,0.13733777403831482,0.12961241602897644,0.9595059441462989,0.962980406698968,0.95925,0.9626,0.9592892280698343,0.9626068000929204
65,0.95995,0.9636,0.13394294679164886,0.12580759823322296,0.960092848314482,0.9637849516343926,0.95995,0.9636,0.9599351358979351,0.9635714585956239
66,0.9614333333333334,0.9667,0.13067908585071564,0.12011624872684479,0.9615178392737362,0.9667828174759535,0.9614333333333334,0.9667,0.9614459651205683,0.966690460140535
67,0.9613,0.966,0.13089242577552795,0.12091630697250366,0.9613627031520927,0.9661363357254584,0.9613,0.966,0.9612404598504544,0.9659740991918948
68,0.9626833333333333,0.9669,0.12676681578159332,0.11654725670814514,0.9626568979782969,0.9669605725187502,0.9626833333333333,0.9669,0.9626453303526943,0.9668832763466242
69,0.9624333333333334,0.9669,0.12757685780525208,0.11781701445579529,0.9624383915781509,0.9669674612487578,0.9624333333333334,0.9669,0.9623582858160094,0.9668450764662322
70,0.9607166666666667,0.9645,0.13265040516853333,0.12127609550952911,0.9609438668205209,0.9647535857600785,0.9607166666666667,0.9645,0.9606430443574798,0.9644742029672829
71,0.9636833333333333,0.9672,0.12306634336709976,0.11488042026758194,0.9636999054945325,0.9673535631713203,0.9636833333333333,0.9672,0.9636717574071679,0.9671910123994426
72,0.96395,0.9682,0.1228342205286026,0.11484473943710327,0.9639831139781626,0.968389502649492,0.96395,0.9682,0.9639227698171338,0.9681852872532151
73,0.96495,0.9687,0.11887072771787643,0.11004409193992615,0.9649568820216269,0.9687885631791078,0.96495,0.9687,0.9649442668790515,0.9686886417479216
74,0.9645333333333334,0.9689,0.11934985965490341,0.10842931270599365,0.9645823187331172,0.9689467077721509,0.9645333333333334,0.9689,0.964513535284835,0.9688861314671474
75,0.9646833333333333,0.9675,0.11947224289178848,0.11011885851621628,0.9647222299143831,0.9676724118380805,0.9646833333333333,0.9675,0.9646399599081792,0.9674724129535276
76,0.966,0.9698,0.11595601588487625,0.10651524364948273,0.9660048961366368,0.9698649082957954,0.966,0.9698,0.9659741519898128,0.9697917403144304
77,0.9647666666666667,0.9696,0.11840882152318954,0.10672253370285034,0.9649996189329285,0.9698159380912946,0.9647666666666667,0.9696,0.964772370199145,0.9696181102498782
78,0.9656666666666667,0.9694,0.11407170444726944,0.10421893000602722,0.9657741167412257,0.9694525817801408,0.9656666666666667,0.9694,0.9656777595504457,0.9693966547194813
79,0.9664666666666667,0.9702,0.11325052380561829,0.10537413507699966,0.9665070166570331,0.9703196651485788,0.9664666666666667,0.9702,0.9664590274225794,0.9701948736919056
80,0.9670666666666666,0.9711,0.11140108853578568,0.1026846170425415,0.9670833253633998,0.9711817320739796,0.9670666666666666,0.9711,0.967044004421772,0.9710835743116473
81,0.9665166666666667,0.9699,0.11438065767288208,0.10696422308683395,0.9666588289313314,0.9701719980983097,0.9665166666666667,0.9699,0.9664851842144087,0.9698744638320668
82,0.9668166666666667,0.9695,0.11053276062011719,0.1012178286910057,0.966853205233042,0.9695745934204124,0.9668166666666667,0.9695,0.9667839766769787,0.9694587251457071
83,0.9676166666666667,0.9701,0.10889218002557755,0.10123370587825775,0.9676270488869113,0.9701890428043902,0.9676166666666667,0.9701,0.9675871957772022,0.9700704814711271
84,0.9682833333333334,0.9713,0.10776086151599884,0.10046054422855377,0.9683249084177259,0.9714543272139851,0.9682833333333334,0.9713,0.9682822602477463,0.9712959481881784
85,0.9673833333333334,0.9715,0.10926751792430878,0.10201480239629745,0.9675074741266659,0.9717108236280144,0.9673833333333334,0.9715,0.9673751036410219,0.971497630371502
86,0.96835,0.9727,0.10589905828237534,0.09742417931556702,0.9684346948240443,0.9728336022252791,0.96835,0.9727,0.9683568718263016,0.9727069669302766
87,0.9683333333333334,0.9713,0.1066698506474495,0.09995167702436447,0.9684150456889263,0.9715407648204449,0.9683333333333334,0.9713,0.96831784172223,0.9713139076620044
88,0.9685666666666667,0.9731,0.10518421977758408,0.09709375351667404,0.9686438254251145,0.9732316387910097,0.9685666666666667,0.9731,0.9685470416501588,0.9730796847235011
89,0.9687166666666667,0.9718,0.10467516630887985,0.0966629758477211,0.9687792321722005,0.9718904843891234,0.9687166666666667,0.9718,0.9686936168495185,0.9717668506408994
90,0.9681166666666666,0.9703,0.10650639981031418,0.09895790368318558,0.9683653073991518,0.9704842932996158,0.9681166666666666,0.9703,0.9681279337236939,0.9702767038807028
91,0.9692666666666667,0.973,0.10224761068820953,0.09383217245340347,0.969315004938142,0.9730788060007161,0.9692666666666667,0.973,0.9692569815654841,0.9729837500504215
92,0.96925,0.9708,0.10260330140590668,0.09519008547067642,0.9693590947151051,0.9708829032005482,0.96925,0.9708,0.9692339850288859,0.9707671796776188
93,0.9694833333333334,0.9725,0.10246426612138748,0.09579961001873016,0.9695508224926993,0.9726499686874027,0.9694833333333334,0.9725,0.9694455369253272,0.9724822151305127
94,0.96985,0.9719,0.10098154842853546,0.09403811395168304,0.9699070571279614,0.9721158613296728,0.96985,0.9719,0.9698180671394117,0.9718849795837307
95,0.9707333333333333,0.9721,0.09946895390748978,0.09192080050706863,0.9707734570131273,0.9722281145414569,0.9707333333333333,0.9721,0.9707069324376904,0.9720811687836962
96,0.9707,0.9726,0.09763311594724655,0.09012807905673981,0.9707281457190492,0.9726896938202799,0.9707,0.9726,0.9706883815931028,0.9725990216313943
97,0.9703666666666667,0.9734,0.09810154885053635,0.08980565518140793,0.9704414410352582,0.9734645147337233,0.9703666666666667,0.9734,0.9703524580015984,0.9733907526798213
98,0.9712666666666666,0.9734,0.09687994420528412,0.08898976445198059,0.9712938170650337,0.9734521228435382,0.9712666666666666,0.9734,0.971257087642949,0.9733821574238621
99,0.9707833333333333,0.9741,0.09627851843833923,0.08723144233226776,0.9708461260596152,0.9741360673051386,0.9707833333333333,0.9741,0.9707816676860785,0.9740834310540771
100,0.9706666666666667,0.973,0.0970023050904274,0.09193121641874313,0.9707495712222867,0.9731929553386979,0.9706666666666667,0.973,0.9706584333704272,0.9729997601505129
101,0.97185,0.974,0.09416612982749939,0.08617859333753586,0.971899808159053,0.9740200424377301,0.97185,0.974,0.9718521114250354,0.9739962694419381
102,0.9715166666666667,0.9728,0.09475376456975937,0.08865313977003098,0.9715188942351837,0.9728342254556587,0.9715166666666667,0.9728,0.9714831877036564,0.9727624827213943
103,0.9711166666666666,0.975,0.0949123203754425,0.08724425733089447,0.9712554962861454,0.9751922582630568,0.9711166666666666,0.975,0.9711305437757998,0.9750092322457744
104,0.9720166666666666,0.9747,0.09278973937034607,0.08635817468166351,0.972011116062767,0.9747982980999548,0.9720166666666666,0.9747,0.9719900678044723,0.9746761501933641
105,0.97115,0.9736,0.0963951125741005,0.09017912298440933,0.9713615016306708,0.9738987805338506,0.97115,0.9736,0.9711567512906789,0.9736118267963683
106,0.97145,0.9748,0.09403236210346222,0.08777759224176407,0.9715810051073362,0.9749674175483739,0.97145,0.9748,0.9714489617857686,0.9747915553078634
107,0.9728,0.9746,0.0905228704214096,0.08366020768880844,0.9728230993464879,0.9746448087375086,0.9728,0.9746,0.9727991409307457,0.9745899251700865
108,0.9726666666666667,0.9747,0.08992040902376175,0.0838894322514534,0.9727087735281018,0.974771130648015,0.9726666666666667,0.9747,0.9726751775169821,0.9747006878115413
109,0.9729833333333333,0.9747,0.09029040485620499,0.08413615822792053,0.9729993998225943,0.9747569722806113,0.9729833333333333,0.9747,0.9729612062675187,0.9746754478513736
110,0.9733,0.9753,0.08956126868724823,0.08336913585662842,0.9733115971173014,0.9754127873378413,0.9733,0.9753,0.9732815787955246,0.975301247080201
111,0.9727333333333333,0.974,0.08953344821929932,0.08216103166341782,0.9728715705245768,0.9741081801726352,0.9727333333333333,0.974,0.9727559152999239,0.9740103944812414
112,0.9729333333333333,0.9746,0.09023986756801605,0.0843990370631218,0.9729918098166325,0.9747418039340117,0.9729333333333333,0.9746,0.9728960828940144,0.974577430041743
113,0.9723166666666667,0.9723,0.0918709933757782,0.08724558353424072,0.9724513214658995,0.9724258428664352,0.9723166666666667,0.9723,0.9723249358044492,0.9722861735026396
114,0.9733833333333334,0.9757,0.08817426860332489,0.08159671723842621,0.9734717960260533,0.9757831932426859,0.9733833333333334,0.9757,0.9733918140918395,0.9757036666064898
115,0.9735166666666667,0.976,0.08823423087596893,0.08111743628978729,0.9735805636978148,0.976113520955039,0.9735166666666667,0.976,0.9734929728266313,0.9759862346498352
116,0.9728,0.9743,0.09110916405916214,0.08569452166557312,0.9728955064524162,0.9745279173429477,0.9728,0.9743,0.9727553810115386,0.9742682934162283
117,0.9735,0.9746,0.0886363834142685,0.08420606702566147,0.9735424429396119,0.9747356087477081,0.9735,0.9746,0.9734515273196963,0.9745573631468784
118,0.9739166666666667,0.9746,0.08690094202756882,0.0812670961022377,0.9739446812195279,0.9746524417446583,0.9739166666666667,0.9746,0.9739014732920067,0.9745750202009532
119,0.9726833333333333,0.9744,0.08904235064983368,0.08233574777841568,0.9728545070641755,0.974577279971534,0.9726833333333333,0.9744,0.9726714793110884,0.9744066383738959
120,0.9741166666666666,0.975,0.08539516478776932,0.08015155047178268,0.9741311236559009,0.9751033683765145,0.9741166666666666,0.975,0.9740848347023174,0.9749786810386573
121,0.9753,0.976,0.08352135866880417,0.07815361022949219,0.9752893956595028,0.976070598798237,0.9753,0.976,0.9752815375755675,0.9759835433245602
122,0.9742,0.975,0.08502357453107834,0.07881352305412292,0.9743198508613186,0.9750410155085713,0.9742,0.975,0.9742166377758932,0.974992338825358
123,0.9753166666666667,0.9763,0.0831868126988411,0.07830875366926193,0.9753056107616339,0.9763826487020663,0.9753166666666667,0.9763,0.9752932213765928,0.976280259414678
124,0.9754666666666667,0.977,0.08275618404150009,0.07638414204120636,0.9754694107164442,0.9770304804003613,0.9754666666666667,0.977,0.9754547123971216,0.9769914405211124
125,0.9757166666666667,0.9766,0.08184143155813217,0.07646994292736053,0.9757110155378622,0.9766247185137777,0.9757166666666667,0.9766,0.975711098298858,0.9765921017047775
126,0.97545,0.9763,0.0825391337275505,0.07796505093574524,0.975441163173529,0.9763714830139244,0.97545,0.9763,0.9754246621524987,0.9762817218600327
127,0.9755166666666667,0.9768,0.08211113512516022,0.0766013115644455,0.9755343276302573,0.9768840922579444,0.9755166666666667,0.9768,0.9755095263523297,0.976801061362202
128,0.97555,0.9769,0.08144233375787735,0.07635796815156937,0.975554566512037,0.9769659065297387,0.97555,0.9769,0.9755468541144087,0.976895486805231
129,0.9753,0.9765,0.08174218237400055,0.07628347724676132,0.9753509518096517,0.9765626797226933,0.9753,0.9765,0.9753143399193978,0.9765035828570304
130,0.9756333333333334,0.9768,0.08143283426761627,0.0756649449467659,0.9756617955884442,0.9768254190758316,0.9756333333333334,0.9768,0.9756350794460555,0.9767910341504985
131,0.97535,0.9761,0.08118259906768799,0.07474915683269501,0.9753920694373551,0.9761360924277549,0.97535,0.9761,0.9753545029867765,0.9760954420803578
132,0.9758166666666667,0.9769,0.0818963423371315,0.07718648761510849,0.9758125475159406,0.9769874432160571,0.9758166666666667,0.9769,0.9757913774412859,0.9768866970155398
133,0.97575,0.9772,0.08063554018735886,0.0751558393239975,0.9757617646571695,0.9772529288232278,0.97575,0.9772,0.9757499240234784,0.9771932247298734
134,0.9759833333333333,0.9775,0.08026076853275299,0.07489971071481705,0.9759864593703128,0.9775834124576446,0.9759833333333333,0.9775,0.9759776293373484,0.9774977358390157
135,0.976,0.9771,0.08045738935470581,0.07548287510871887,0.9759959464464586,0.9771744287385123,0.976,0.9771,0.9759839618221985,0.9770846707764953
136,0.9760833333333333,0.9778,0.08046834915876389,0.07378524541854858,0.9760905654285436,0.9778141085023708,0.9760833333333333,0.9778,0.9760718631377966,0.9777891210682835
137,0.9762666666666666,0.9768,0.07968330383300781,0.07381096482276917,0.9762657613199187,0.9768155531895912,0.9762666666666666,0.9768,0.976258130705989,0.9767905332620831
138,0.9762333333333333,0.977,0.07971218973398209,0.07482742518186569,0.9762309548190767,0.9770270731777045,0.9762333333333333,0.977,0.9762240432917862,0.976989060034621
139,0.9761666666666666,0.9779,0.07966393977403641,0.07446654886007309,0.9761710666331733,0.977974383882207,0.9761666666666666,0.9779,0.9761580360786812,0.9778988216230502
140,0.9764,0.9782,0.07894745469093323,0.07408086210489273,0.9763835317225991,0.978249552439436,0.9764,0.9782,0.9763862151601257,0.9781919040358633
141,0.9762333333333333,0.9781,0.0795925110578537,0.07397862523794174,0.9762274399392566,0.9781357409852586,0.9762333333333333,0.9781,0.9762182060578987,0.9780870874906054
142,0.9763333333333334,0.9775,0.07980290800333023,0.07535446435213089,0.976355689889836,0.9775968253626692,0.9763333333333334,0.9775,0.9763209344279444,0.9774937321236108
143,0.9766,0.9773,0.07887495309114456,0.07514305412769318,0.9765942678720679,0.97739007464737,0.9766,0.9773,0.9765863312552603,0.9772945079265115
144,0.9762833333333333,0.9778,0.07830395549535751,0.07332153618335724,0.9762841362887346,0.977862982112745,0.9762833333333333,0.9778,0.9762802500267375,0.9777971929064757
145,0.9764833333333334,0.9783,0.07878666371107101,0.07359208911657333,0.9765154642790153,0.9783797458251907,0.9764833333333334,0.9783,0.9764852924878284,0.9783043830860235
146,0.9767333333333333,0.9774,0.07826118171215057,0.07373704016208649,0.9767227630016883,0.9774669837778324,0.9767333333333333,0.9774,0.9767152083787701,0.9773890886119392
147,0.9768,0.9777,0.07785432040691376,0.07294423878192902,0.9768036839766411,0.9777455372637054,0.9768,0.9777,0.9767915788111295,0.9776934404250056
148,0.9761833333333333,0.9771,0.0797850489616394,0.07427550107240677,0.9762865454246682,0.9771462785369073,0.9761833333333333,0.9771,0.9761930553042492,0.9770930293829418
149,0.97665,0.9775,0.07756023854017258,0.07228070497512817,0.976659087746031,0.9775218980550886,0.97665,0.9775,0.976647568027032,0.9774914138543036
150,0.9765333333333334,0.9773,0.0783374235033989,0.07450173795223236,0.976555658690415,0.9773730603385636,0.9765333333333334,0.9773,0.9765256899744325,0.9772925952256344
151,0.9764333333333334,0.9778,0.07804053276777267,0.07246210426092148,0.9764972816519771,0.9778632384537302,0.9764333333333334,0.9778,0.9764424773091753,0.9778024597643667
152,0.9770833333333333,0.9778,0.0771128237247467,0.0732862651348114,0.9770787202309054,0.977849225855453,0.9770833333333333,0.9778,0.9770738078766139,0.9777929563174889
153,0.97715,0.978,0.07718588411808014,0.07339130342006683,0.9771416871721181,0.9780722683043672,0.97715,0.978,0.9771346743759154,0.9779940534238116
154,0.9771833333333333,0.9779,0.07685378193855286,0.07254583388566971,0.9771663566582387,0.9779439556484018,0.9771833333333333,0.9779,0.9771646784804752,0.9778873829527309
155,0.97725,0.9774,0.07667379826307297,0.07306502014398575,0.9772511996690694,0.9774522289343295,0.97725,0.9774,0.9772443471834324,0.9773943243410129
156,0.9769166666666667,0.9773,0.07665635645389557,0.07126277685165405,0.9769322738306654,0.9773321388609711,0.9769166666666667,0.9773,0.9769192454388852,0.9772934050526546
157,0.9770333333333333,0.9774,0.07607769966125488,0.0715993121266365,0.9770401247658987,0.9774452362856411,0.9770333333333333,0.9774,0.9770339964866699,0.9773941476369231
158,0.9771666666666666,0.9781,0.07613551616668701,0.07101224362850189,0.9771787275015422,0.9781242242246803,0.9771666666666666,0.9781,0.977165178859718,0.9780900542890045
159,0.9771833333333333,0.9784,0.07638204097747803,0.07070600241422653,0.9772088267564635,0.9784700233835397,0.9771833333333333,0.9784,0.9771765283034418,0.9783978374817988
160,0.9775,0.9785,0.07559970021247864,0.07141312211751938,0.9774956927914873,0.9785387478464977,0.9775,0.9785,0.9774914768723277,0.9784926969049859
161,0.9766166666666667,0.9782,0.07603003084659576,0.07122834026813507,0.9766358642809113,0.9782520990663548,0.9766166666666667,0.9782,0.9766149425418422,0.978190993206231
162,0.9773,0.9781,0.07525410503149033,0.07051056623458862,0.9772996532105817,0.978140246681964,0.9773,0.9781,0.9772926864617453,0.9780934368269012
163,0.97755,0.9784,0.07543642073869705,0.07147499173879623,0.977540668331236,0.9784421375692662,0.97755,0.9784,0.9775369835405306,0.9783892509975636
164,0.9776,0.9781,0.07551166415214539,0.0705709457397461,0.9776167729800316,0.9781290400357542,0.9776,0.9781,0.9775943862321359,0.9780933684574101
165,0.9775333333333334,0.9788,0.07544852048158646,0.07144678384065628,0.977542896642579,0.9788646981284904,0.9775333333333334,0.9788,0.9775305174269269,0.9787908607447001
166,0.97755,0.9779,0.07533494383096695,0.06983300298452377,0.9775849233625511,0.977931161193673,0.97755,0.9779,0.9775513734012229,0.9778977907065404
167,0.97785,0.9772,0.07451613247394562,0.07039346545934677,0.9778576358323102,0.9772335331744092,0.97785,0.9772,0.9778522231288245,0.9771930309440983
168,0.9775333333333334,0.9767,0.07520130276679993,0.07108289003372192,0.9775710353347948,0.976732339421623,0.9775333333333334,0.9767,0.9775359800585266,0.9766917124313406
169,0.9778666666666667,0.9785,0.0740661770105362,0.07016406208276749,0.97786131888595,0.9785504822346426,0.9778666666666667,0.9785,0.9778587297167359,0.9784956220339144
170,0.9778333333333333,0.9776,0.07436104863882065,0.06983314454555511,0.9778462948498695,0.9776130858663189,0.9778333333333333,0.9776,0.9778293206425601,0.9775880424809835
171,0.9778833333333333,0.9782,0.0746651142835617,0.06899816542863846,0.9779316069939165,0.9782365391564454,0.9778833333333333,0.9782,0.9778917737991398,0.9781966379314472
172,0.9777666666666667,0.9787,0.07447884976863861,0.06976928561925888,0.977791016390885,0.9787466740760182,0.9777666666666667,0.9787,0.9777649390126387,0.9786959160748775
173,0.9781666666666666,0.9774,0.07393018901348114,0.07001124322414398,0.9781880574449875,0.9774253860498971,0.9781666666666666,0.9774,0.9781691232080599,0.9773913757622337
174,0.9784,0.9788,0.07376058399677277,0.07023876905441284,0.9784007615950457,0.9788568561046579,0.9784,0.9788,0.978392333153785,0.978793616217466
175,0.9777,0.9784,0.07401523739099503,0.07056427001953125,0.9777367224127839,0.9785074597732107,0.9777,0.9784,0.9777050774784106,0.9784030632588642
176,0.9783833333333334,0.9784,0.07367667555809021,0.07002498209476471,0.9783816824332606,0.9784438185531676,0.9783833333333334,0.9784,0.9783712012041051,0.978388956929252
177,0.9784666666666667,0.9788,0.07321381568908691,0.06880582123994827,0.9784949279983491,0.9788576404113901,0.9784666666666667,0.9788,0.978471575735238,0.9788002412214324
178,0.97845,0.979,0.07321810722351074,0.06843502819538116,0.978460209149343,0.9790327212413027,0.97845,0.979,0.978442431635623,0.9789934891193347
179,0.97855,0.9787,0.07258212566375732,0.06869066506624222,0.978552263702757,0.9787515658485508,0.97855,0.9787,0.9785469751106628,0.9786972874732606
180,0.9781,0.9772,0.07393103092908859,0.07183941453695297,0.9781221014621597,0.9772937607658423,0.9781,0.9772,0.9780945642811767,0.9771884406886334
181,0.9782833333333333,0.9786,0.07380488514900208,0.06984543055295944,0.978316057632048,0.9786870083904252,0.9782833333333333,0.9786,0.9782804491569703,0.9786033138418611
182,0.9788,0.9792,0.07241909205913544,0.06842228025197983,0.9787962421809883,0.9792625792676266,0.9788,0.9792,0.9787901909361062,0.9791935076348928
183,0.97845,0.979,0.07235870510339737,0.06840240210294724,0.9784573131025811,0.9790573028024337,0.97845,0.979,0.9784462524350307,0.9789990701879584
184,0.97825,0.9791,0.07327637821435928,0.06878587603569031,0.9782690239997685,0.9791810991877974,0.97825,0.9791,0.9782392216701222,0.979092926660909
185,0.9781,0.9791,0.07400321215391159,0.06983250379562378,0.9781102136954926,0.9791767198060825,0.9781,0.9791,0.9780775127344409,0.979090740327946
186,0.9786833333333333,0.9795,0.07227206230163574,0.06811986118555069,0.9787170320473206,0.9795677908233712,0.9786833333333333,0.9795,0.9786857929040413,0.9794970944783441
187,0.9786833333333333,0.9795,0.07198116183280945,0.06777220219373703,0.9786804520047772,0.9795571623778621,0.9786833333333333,0.9795,0.978671479454544,0.9794881939736994
188,0.97885,0.9781,0.0723557323217392,0.06796721369028091,0.978902663964437,0.9781439737006563,0.97885,0.9781,0.9788615228149754,0.9781020424588073
189,0.9790666666666666,0.9794,0.0714210718870163,0.06782517582178116,0.9790733053642346,0.9794382211482074,0.9790666666666666,0.9794,0.9790639519610699,0.9793964554201584
190,0.9791333333333333,0.9792,0.07129841297864914,0.06745609641075134,0.9791452516775794,0.9792509492129602,0.9791333333333333,0.9792,0.9791355382275151,0.9791930484891612
191,0.9786333333333334,0.9793,0.07154490798711777,0.06703834235668182,0.9786276744101445,0.9793118995673938,0.9786333333333334,0.9793,0.9786224973381399,0.9792854017471389
192,0.9779333333333333,0.9772,0.0734727680683136,0.07161669433116913,0.9779906347479002,0.9772854869116143,0.9779333333333333,0.9772,0.9779286999163643,0.977183835667316
193,0.979,0.9793,0.0712055042386055,0.06797383725643158,0.9789884474136494,0.9793373308934807,0.979,0.9793,0.9789823647740392,0.9792830179810353
194,0.97895,0.9795,0.07154429703950882,0.06881021708250046,0.9789774625643016,0.9795864675396467,0.97895,0.9795,0.9789488823409344,0.9794953693103593
195,0.9793166666666666,0.9798,0.07058248668909073,0.0673450231552124,0.9793254982618114,0.9798439821944858,0.9793166666666666,0.9798,0.9793162103091245,0.9797979796892178
196,0.9790833333333333,0.9797,0.07061002403497696,0.06764501333236694,0.9790795600042895,0.9797622599443413,0.9790833333333333,0.9797,0.9790744394070818,0.9796936108097932
197,0.9781166666666666,0.9772,0.07233875244855881,0.06849096715450287,0.9782094342067991,0.977259075526269,0.9781166666666666,0.9772,0.9781357132228292,0.977197831746906
198,0.9792333333333333,0.98,0.07014898210763931,0.06625857949256897,0.9792255769654112,0.9800271088475927,0.9792333333333333,0.98,0.9792244665034033,0.9799893294009308
199,0.9786833333333333,0.9785,0.07103201746940613,0.06708570569753647,0.978715347069441,0.9785455255247778,0.9786833333333333,0.9785,0.9786903079090421,0.978491098184417
200,0.9794166666666667,0.9799,0.0705438181757927,0.0674208477139473,0.9794222710470464,0.9799714758950653,0.9794166666666667,0.9799,0.9794069021205128,0.9798916291476883
201,0.9795166666666667,0.9791,0.069707490503788,0.06652867048978806,0.9795207252973154,0.9791703708270166,0.9795166666666667,0.9791,0.9795139205008738,0.9790955321257355
202,0.97905,0.979,0.06967743486166,0.0663706585764885,0.9790427135437404,0.9790389616540212,0.97905,0.979,0.9790413245038938,0.978990579073124
203,0.9796166666666667,0.9796,0.06996297836303711,0.06611863523721695,0.9796476148436853,0.9796397445953118,0.9796166666666667,0.9796,0.9796221938522832,0.9795969435154124
204,0.9793166666666666,0.9796,0.0703156441450119,0.06615861505270004,0.9793383182270962,0.9796487286063179,0.9793166666666666,0.9796,0.9793136572391976,0.9795933581613621
205,0.9797,0.9801,0.06928934156894684,0.06563746929168701,0.9796980962792887,0.9801373290989435,0.9797,0.9801,0.9796942370493126,0.98009031893432
206,0.9798333333333333,0.9797,0.06919616460800171,0.06502331048250198,0.979847256435192,0.9797303413693469,0.9798333333333333,0.9797,0.9798342965524035,0.9796966395966953
207,0.97995,0.9795,0.06910973787307739,0.0659015104174614,0.979960933919302,0.9795290971399899,0.97995,0.9795,0.9799517503084342,0.9794932623013792
208,0.9792333333333333,0.9802,0.07020889222621918,0.06571276485919952,0.9792548436654344,0.9802438480286159,0.9792333333333333,0.9802,0.9792250183844722,0.9801960222715695
209,0.97915,0.9787,0.0697549507021904,0.0668664500117302,0.9791823745310786,0.9787867688041919,0.97915,0.9787,0.9791511606874568,0.9786979520130772
210,0.9793833333333334,0.9797,0.07024870067834854,0.06753721833229065,0.9793955589707252,0.9797569405485096,0.9793833333333334,0.9797,0.9793661189355778,0.9796891985090928
211,0.9798666666666667,0.98,0.06880512833595276,0.06528040766716003,0.9798614482176882,0.9800315250950447,0.9798666666666667,0.98,0.9798565368021842,0.9799926842955762
212,0.9797333333333333,0.9801,0.06892748177051544,0.06583740562200546,0.9797367654804298,0.9801411274410482,0.9797333333333333,0.9801,0.979724647582564,0.9800924905028036
213,0.9797666666666667,0.98,0.06905698776245117,0.0656748116016388,0.9797733747042323,0.9800373560156354,0.9797666666666667,0.98,0.9797565773360037,0.9799927492408936
214,0.9794333333333334,0.9789,0.06852025538682938,0.06575635075569153,0.9794395948944139,0.9789449404568339,0.9794333333333334,0.9789,0.9794300909228895,0.9788911340901159
215,0.9797666666666667,0.9788,0.06873536854982376,0.06554502248764038,0.9797872168783316,0.9788436367659302,0.9797666666666667,0.9788,0.9797652327924053,0.9787917183576894
216,0.9801166666666666,0.9799,0.06848648935556412,0.0643191859126091,0.9801507208585774,0.9799330205582614,0.9801166666666666,0.9799,0.9801235757901687,0.9798965488627808
217,0.97995,0.979,0.06853049248456955,0.06550183147192001,0.9799835302717055,0.9790506957829453,0.97995,0.979,0.9799569401366346,0.978996167555053
218,0.97975,0.979,0.06796720623970032,0.06482333689928055,0.9797560164936666,0.9790418477486095,0.97975,0.979,0.979747428716521,0.978992681700243
219,0.98025,0.9802,0.06777673214673996,0.0642922967672348,0.9802570039254622,0.9802374872062494,0.98025,0.9802,0.980250190755369,0.9801960768535924
220,0.9801166666666666,0.9792,0.06809064745903015,0.06487898528575897,0.9801341947133543,0.9792230605717565,0.9801166666666666,0.9792,0.9801180581778329,0.9791919382301653
221,0.97965,0.9804,0.06825375556945801,0.06416729837656021,0.9796805652109923,0.9804224191213212,0.97965,0.9804,0.9796485862776163,0.9803953328325815
222,0.9799166666666667,0.9795,0.06825844198465347,0.06542260944843292,0.9799324353755456,0.9795242957173663,0.9799166666666667,0.9795,0.9799101884587272,0.979488228022658
223,0.9803333333333333,0.9808,0.06725788861513138,0.06422342360019684,0.9803274107094201,0.9808332496246861,0.9803333333333333,0.9808,0.9803250643506081,0.980791180074627
224,0.9801333333333333,0.9807,0.06746894121170044,0.06389244645833969,0.9801467113060905,0.980741937634622,0.9801333333333333,0.9807,0.9801293794305929,0.9806936776478017
225,0.98025,0.9807,0.06767439842224121,0.06380970776081085,0.9802840680847215,0.9807395034309602,0.98025,0.9807,0.9802530470221132,0.9806968087018826
226,0.9802666666666666,0.9794,0.06772817671298981,0.06496874243021011,0.9803022693466612,0.9794417706661228,0.9802666666666666,0.9794,0.9802720962041491,0.9793936928785147
227,0.9799166666666667,0.9792,0.06808267533779144,0.06437640637159348,0.9799762050717171,0.9792478554820924,0.9799166666666667,0.9792,0.9799277528135013,0.9791954968616686
228,0.9798666666666667,0.9799,0.06750446557998657,0.06399086862802505,0.979887184844553,0.9799424087446778,0.9798666666666667,0.9799,0.9798674389315096,0.9798916108228465
229,0.9804333333333334,0.98,0.0674179196357727,0.06501619517803192,0.9804482638200239,0.9800587848950052,0.9804333333333334,0.98,0.9804287284395432,0.979991902917532
230,0.9805,0.9791,0.0665370300412178,0.06378708779811859,0.9805051893954416,0.9791286981592386,0.9805,0.9791,0.9804973880548542,0.9790918309596672
231,0.9799333333333333,0.9805,0.06789765506982803,0.06390836089849472,0.980003353031702,0.9805616207748157,0.9799333333333333,0.9805,0.9799462312729773,0.9805024786278804
232,0.9798333333333333,0.9797,0.06768143177032471,0.0665770173072815,0.9798339131241918,0.9797671278921415,0.9798333333333333,0.9797,0.9798163549634877,0.9796863842092045
233,0.9804333333333334,0.98,0.06724068522453308,0.06506343930959702,0.9804604046787088,0.9800613792385057,0.9804333333333334,0.98,0.9804336061601677,0.9799966157456979
234,0.9806666666666667,0.9796,0.06619750708341599,0.06305623054504395,0.9806730301910979,0.9796287859516731,0.9806666666666667,0.9796,0.9806645392325634,0.9795921795657694
235,0.9805666666666667,0.9804,0.06684963405132294,0.06492216885089874,0.9805781825587886,0.980448052878041,0.9805666666666667,0.9804,0.9805616888424705,0.9803948504245614
236,0.9799833333333333,0.9794,0.06762456148862839,0.06370989978313446,0.9800565960600283,0.9794456437269069,0.9799833333333333,0.9794,0.9799914888157039,0.979399534430608
237,0.98085,0.9805,0.06592383980751038,0.062358953058719635,0.9808708422472021,0.9805111641715987,0.98085,0.9805,0.9808522347887036,0.9804954018790628
238,0.9808,0.9806,0.06587877869606018,0.06381805986166,0.9807964279381322,0.9806497561220308,0.9808,0.9806,0.9807904770392848,0.980590889472244
239,0.98035,0.9806,0.06706377863883972,0.06437265872955322,0.9803639580182768,0.9806613645699941,0.98035,0.9806,0.980342076817496,0.9805946836498595
240,0.9805333333333334,0.9815,0.06647353619337082,0.06317997723817825,0.980562200761393,0.9815544177117019,0.9805333333333334,0.9815,0.9805311128771541,0.9814982942069748
241,0.9806166666666667,0.981,0.0661185011267662,0.06438007205724716,0.9806195272525776,0.9810504643119601,0.9806166666666667,0.981,0.9806048935246122,0.9809899075569847
242,0.98045,0.9803,0.06620869040489197,0.06324265152215958,0.9804927112966411,0.9803298744113669,0.98045,0.9803,0.9804575085611832,0.980296515999017
243,0.9808833333333333,0.9805,0.06550349295139313,0.0630246177315712,0.9808865146967234,0.9805339987894688,0.9808833333333333,0.9805,0.9808799069323211,0.9804906267512482
244,0.98105,0.9806,0.06528445333242416,0.062483686953783035,0.9810507042160153,0.9806216379475527,0.98105,0.9806,0.9810432869284693,0.9805921834183843
245,0.9806833333333334,0.981,0.06566519290208817,0.06317152082920074,0.9806975747748558,0.9810485586891685,0.9806833333333334,0.981,0.9806776655128577,0.9809933298529476
246,0.9808,0.9802,0.06563419848680496,0.06279148906469345,0.980837840337666,0.9802365960367455,0.9808,0.9802,0.9808084518082153,0.9801941051369233
247,0.98075,0.9799,0.06540834903717041,0.0632583349943161,0.9807589792988244,0.9799630051104957,0.98075,0.9799,0.9807453360734723,0.9798921353925154
248,0.98125,0.9816,0.06454122066497803,0.062113769352436066,0.9812454346232723,0.9816205788856569,0.98125,0.9816,0.9812455381206923,0.9815923914481124
249,0.9807666666666667,0.9803,0.06546728312969208,0.06334525346755981,0.980780337965081,0.9803352670483142,0.9807666666666667,0.9803,0.9807642175384905,0.9802917639978308
250,0.9808166666666667,0.9806,0.06504115462303162,0.06326215714216232,0.980816371907952,0.9806348579918182,0.9808166666666667,0.9806,0.9808108759269595,0.980590490625426
251,0.9812333333333333,0.9808,0.06464705616235733,0.06215102598071098,0.9812257464479439,0.9808126527512769,0.9812333333333333,0.9808,0.9812260980385179,0.9807879921141053
252,0.9814333333333334,0.9814,0.06498786807060242,0.06149385869503021,0.9814471544087844,0.98141345394582,0.9814333333333334,0.9814,0.9814314213867328,0.9813950045897233
253,0.9813166666666666,0.9805,0.06464286893606186,0.06302880495786667,0.9813236980864718,0.9805584677423204,0.9813166666666666,0.9805,0.981314152475498,0.980498362360768
254,0.981,0.9812,0.06457677483558655,0.062473926693201065,0.9809989558356115,0.9812309922458815,0.981,0.9812,0.9809925726544394,0.9811871811266343
255,0.9813833333333334,0.9817,0.06429295986890793,0.061444927006959915,0.9813966230536766,0.9817135541842117,0.9813833333333334,0.9817,0.9813827886729636,0.9816954487986564
256,0.9809833333333333,0.9812,0.06446292251348495,0.06273701786994934,0.9809821879884301,0.9812478859446361,0.9809833333333333,0.9812,0.9809727700142669,0.9811916345678892
257,0.98125,0.9804,0.06403405219316483,0.06185920536518097,0.981263812379508,0.9804288632247797,0.98125,0.9804,0.9812531675373934,0.9803957032628732
258,0.9815333333333334,0.9809,0.06372907012701035,0.06188579276204109,0.9815282078389675,0.9809157658637904,0.9815333333333334,0.9809,0.9815278002875559,0.9808912402235346
259,0.9812166666666666,0.9808,0.06420227140188217,0.0608154721558094,0.9812553252930185,0.9808167163462809,0.9812166666666666,0.9808,0.9812262094153469,0.980795952748168
260,0.9816166666666667,0.9814,0.06356742978096008,0.06184452027082443,0.9816152636604027,0.9814280163198615,0.9816166666666667,0.9814,0.9816129323050385,0.9813921083762287
261,0.9809333333333333,0.9801,0.06518375128507614,0.0633963942527771,0.9809556518659378,0.9801445446198283,0.9809333333333333,0.9801,0.9809250065561295,0.980081777295027
262,0.9812833333333333,0.9818,0.06469569355249405,0.06194015592336655,0.9812864375057715,0.9818525478864764,0.9812833333333333,0.9818,0.9812694556825194,0.9817920951746195
263,0.98115,0.981,0.06404810398817062,0.06096940487623215,0.9811762047845589,0.9810369495342246,0.98115,0.981,0.9811518516960985,0.9809953771639063
264,0.9813,0.9816,0.0636363998055458,0.06175566837191582,0.9812892236083579,0.9816316287493208,0.9813,0.9816,0.9812869732792744,0.9815870358104818
265,0.9816,0.9806,0.06332152336835861,0.062328193336725235,0.9815923089904347,0.9806337482545417,0.9816,0.9806,0.9815918151647888,0.9805912581323027
266,0.9812666666666666,0.9812,0.063656285405159,0.06088549643754959,0.9812748212204777,0.9812216641240631,0.9812666666666666,0.9812,0.9812614661184738,0.9811953796133819
267,0.9815333333333334,0.9811,0.06325283646583557,0.060696568340063095,0.9815523941892046,0.9811192072985943,0.9815333333333334,0.9811,0.9815361587952889,0.9810954925672891
268,0.98035,0.979,0.06574277579784393,0.0653834417462349,0.9804080090046089,0.9790997177950592,0.98035,0.979,0.9803501091542811,0.9789933289388986
269,0.9812166666666666,0.9814,0.06399529427289963,0.060502439737319946,0.9812556209643177,0.9814337914050849,0.9812166666666666,0.9814,0.9812201154978573,0.9813984498418046
270,0.9814166666666667,0.9803,0.06390532106161118,0.062116704881191254,0.9814557897599994,0.9803410233547045,0.9814166666666667,0.9803,0.9814228033016176,0.9802965497460193
271,0.98155,0.9814,0.06309108436107635,0.06188465654850006,0.9815560124417357,0.9814492239546704,0.98155,0.9814,0.9815463552460356,0.9813907643231347
272,0.98145,0.9808,0.06344600021839142,0.06125029921531677,0.981481519334593,0.9808579676372696,0.98145,0.9808,0.9814521489054359,0.9808001551476917
273,0.9814,0.9815,0.06367789953947067,0.061879176646471024,0.9814052740433115,0.9815583176725186,0.9814,0.9815,0.9813874711895403,0.9814949790194499
274,0.9816833333333334,0.9809,0.06280801445245743,0.06193976476788521,0.9816811489829955,0.9809649570490551,0.9816833333333334,0.9809,0.9816759396264221,0.980890039720367
275,0.9815333333333334,0.9801,0.06291372328996658,0.060592811554670334,0.9815582711836358,0.9801271554824743,0.9815333333333334,0.9801,0.9815356267095068,0.9800956503311928
276,0.98165,0.9812,0.06308523565530777,0.061904799193143845,0.9816473083854379,0.9812491827473948,0.98165,0.9812,0.9816366022332529,0.9811931617681814
277,0.9819166666666667,0.9815,0.06246862933039665,0.06020595133304596,0.9819285871908586,0.9815258873918259,0.9819166666666667,0.9815,0.9819153111522744,0.9814948914855289
278,0.9812666666666666,0.9805,0.06394660472869873,0.061091624200344086,0.9813373982352571,0.9805534321570967,0.9812666666666666,0.9805,0.9812737185007582,0.9805014718897018
279,0.9819,0.9811,0.0627642422914505,0.06149265915155411,0.9819147987100678,0.9811561993769732,0.9819,0.9811,0.9818981420920389,0.9810952288255598
280,0.9814166666666667,0.9807,0.06305474042892456,0.06155389919877052,0.981460871662185,0.9807370687485257,0.9814166666666667,0.9807,0.9814245579799535,0.9806934961439822
281,0.9817666666666667,0.9806,0.0625104159116745,0.061843615025281906,0.9817821592021864,0.9806608583328167,0.9817666666666667,0.9806,0.9817676202471398,0.9805970505473064
282,0.9812666666666666,0.9823,0.06311705708503723,0.06130930781364441,0.9812993679060172,0.9823778523405814,0.9812666666666666,0.9823,0.981262138398192,0.9822897576168896
283,0.9819833333333333,0.9813,0.062197886407375336,0.06054358556866646,0.9820059935054924,0.9813225053596654,0.9819833333333333,0.9813,0.9819844430650264,0.9812957266699436
284,0.98145,0.9805,0.06282738596200943,0.06136397272348404,0.9814728382584653,0.980574855989089,0.98145,0.9805,0.9814393127138769,0.9804844708871431
285,0.9814666666666667,0.9814,0.06280490010976791,0.05943841114640236,0.981489547398793,0.9814410950397947,0.9814666666666667,0.9814,0.9814604354384785,0.9813923958737137
286,0.9815,0.9819,0.0636293962597847,0.061696648597717285,0.9815239882721465,0.9819802592953639,0.9815,0.9819,0.9814855758463107,0.9818900456185383
287,0.9812666666666666,0.9799,0.06412781029939651,0.0625825971364975,0.9813169111721014,0.9799456454192396,0.9812666666666666,0.9799,0.9812536539280075,0.9798769774668761
288,0.982,0.9812,0.061385683715343475,0.05964123457670212,0.9820084724871284,0.9812285260575236,0.982,0.9812,0.9820013560879747,0.9811931756555979
289,0.98165,0.9812,0.0617356039583683,0.060528989881277084,0.9816473799489881,0.9812305113862667,0.98165,0.9812,0.9816386355345373,0.9811901558467536
290,0.98235,0.9825,0.06134660914540291,0.05897365137934685,0.9823539515969317,0.982526040237358,0.98235,0.9825,0.9823447767026301,0.9824945182386389
291,0.9822833333333333,0.9813,0.06127547100186348,0.06042557209730148,0.9822821158880406,0.9813296939225161,0.9822833333333333,0.9813,0.9822772591404145,0.9812903915118907
292,0.9821666666666666,0.9813,0.06114205718040466,0.05911286175251007,0.9821738580581076,0.9813208563727205,0.9821666666666666,0.9813,0.9821645353758786,0.9812932389123791
293,0.9825666666666667,0.9819,0.06112160161137581,0.059532713145017624,0.9825833070656076,0.9819239363090723,0.9825666666666667,0.9819,0.9825700080140575,0.9818991775669874
294,0.9821,0.9824,0.06139111891388893,0.05985612794756889,0.9821023797549975,0.9824531521181911,0.9821,0.9824,0.982090131209294,0.9823896932336378
295,0.9820333333333333,0.9812,0.06160293519496918,0.06157851591706276,0.9820326067965431,0.981268311403729,0.9820333333333333,0.9812,0.9820236352456222,0.9811986038984364
296,0.9821666666666666,0.9815,0.061053190380334854,0.058458101004362106,0.9821720577201636,0.9815234209819519,0.9821666666666666,0.9815,0.9821625442923664,0.981491743177894
297,0.9825333333333334,0.9823,0.060887694358825684,0.05896211415529251,0.982536257209785,0.9823230307186716,0.9825333333333334,0.9823,0.9825289532596649,0.9822948560153629
298,0.9822833333333333,0.9815,0.060715336352586746,0.058576539158821106,0.9822845074914852,0.981512324249524,0.9822833333333333,0.9815,0.9822786464249039,0.9814895475975168
299,0.9821333333333333,0.9815,0.06107814237475395,0.05894256755709648,0.9821489716316273,0.9815182910859845,0.9821333333333333,0.9815,0.9821330211636204,0.9814914962389406
300,0.9824833333333334,0.9822,0.06056594476103783,0.05791165679693222,0.982498579417928,0.9822167049354524,0.9824833333333334,0.9822,0.982485531499091,0.9821949570048999
301,0.9823833333333334,0.9817,0.06072315201163292,0.05905141681432724,0.9823971718226492,0.9817202440446544,0.9823833333333334,0.9817,0.9823814297122128,0.9816948217199897
302,0.9817166666666667,0.9808,0.061442118138074875,0.06001743674278259,0.9817303258669758,0.9808397737195078,0.9817166666666667,0.9808,0.9817106174188986,0.9807897230405475
303,0.9823166666666666,0.9826,0.06074518710374832,0.05877431482076645,0.9823191254890132,0.98263748210574,0.9823166666666666,0.9826,0.9823116987208851,0.9825895817615634
304,0.98235,0.9819,0.06088508293032646,0.05815375968813896,0.9823774608456092,0.9819195756947949,0.98235,0.9819,0.9823540994273144,0.981895902197486
305,0.9821833333333333,0.9814,0.06121831759810448,0.06022216007113457,0.9821871189829915,0.9814441439643266,0.9821833333333333,0.9814,0.9821697102188351,0.9813897014314851
306,0.9823833333333334,0.9811,0.0611288957297802,0.06056961789727211,0.9823896344058802,0.9811619062379298,0.9823833333333334,0.9811,0.9823707015709747,0.9810957097027906
307,0.9824333333333334,0.981,0.06061169505119324,0.058712150901556015,0.9824637303588196,0.9810383010434154,0.9824333333333334,0.981,0.9824411090512118,0.9809967253858194
308,0.9824,0.981,0.06012754142284393,0.0595572330057621,0.9824062181097984,0.9810458550501948,0.9824,0.981,0.9823963269908007,0.9809912260464364
309,0.9827166666666667,0.9821,0.06013677641749382,0.05921289697289467,0.9827208773104624,0.9821308315056565,0.9827166666666667,0.9821,0.9827126589753529,0.982095264091485
310,0.9828333333333333,0.9824,0.06006883457303047,0.05940154939889908,0.98284349864181,0.9824235879550961,0.9828333333333333,0.9824,0.9828338851456682,0.9823956041766206
311,0.98275,0.9816,0.06010442227125168,0.05834000185132027,0.9827619833204763,0.9816350955273885,0.98275,0.9816,0.9827495172611821,0.9815953965323219
312,0.98275,0.9823,0.0600980706512928,0.05933958664536476,0.9827599490576491,0.9823509166191621,0.98275,0.9823,0.982746645681272,0.9822964260125449
313,0.9829,0.9821,0.05991152673959732,0.05717321112751961,0.9829151047921233,0.98212580581516,0.9829,0.9821,0.9828981567407411,0.9820969850391129
314,0.9825666666666667,0.9815,0.059760358184576035,0.059272680431604385,0.9825843354367304,0.9815516495872849,0.9825666666666667,0.9815,0.982570286467933,0.9814995263563746
315,0.9823333333333333,0.9817,0.06112566217780113,0.0594228133559227,0.9823770574289222,0.981725352074393,0.9823333333333333,0.9817,0.9823315882537975,0.9816948880354688
316,0.9827166666666667,0.9821,0.06008301302790642,0.05899820476770401,0.9827296141502837,0.982131783702882,0.9827166666666667,0.9821,0.9827133351865386,0.9820962720633007
317,0.9826166666666667,0.9817,0.059708841145038605,0.0587422177195549,0.9826287503338109,0.9817284572667518,0.9826166666666667,0.9817,0.9826183643171452,0.9816953536370362
318,0.9825333333333334,0.9818,0.06003870815038681,0.05816541612148285,0.9825441236355001,0.9818200594112899,0.9825333333333334,0.9818,0.9825267899727146,0.9817917789683587
319,0.9826166666666667,0.9818,0.06006079912185669,0.05881763994693756,0.9826372026637272,0.9818462102667288,0.9826166666666667,0.9818,0.9826202443033373,0.9817981727905691
320,0.98235,0.9817,0.06072055548429489,0.057507939636707306,0.9824205613220504,0.9817305308929412,0.98235,0.9817,0.9823620722414694,0.9816996169142769
321,0.9832166666666666,0.9824,0.05891969054937363,0.056880321353673935,0.9832257250899242,0.9824213886593294,0.9832166666666666,0.9824,0.9832159908112773,0.982397830963906
322,0.9829166666666667,0.9814,0.05942041054368019,0.059548646211624146,0.9829300397774935,0.9814594177438161,0.9829166666666667,0.9814,0.9829174359032338,0.9813979366864429
323,0.9832,0.9819,0.058657675981521606,0.057222962379455566,0.9832028477659801,0.9819177752695052,0.9832,0.9819,0.9831981933506277,0.9818936109564227
324,0.9829333333333333,0.982,0.05887766554951668,0.05707321688532829,0.9829500369280255,0.9820168694421487,0.9829333333333333,0.982,0.982936144309309,0.9819947673237431
325,0.9828833333333333,0.982,0.05890119448304176,0.057186536490917206,0.9828991465232799,0.9820322615534113,0.9828833333333333,0.982,0.9828859759269457,0.9819939140249305
326,0.9827,0.9818,0.05922112241387367,0.057682398706674576,0.9827114678909319,0.981830605464625,0.9827,0.9818,0.9826953110847969,0.9817898892752579
327,0.9825833333333334,0.982,0.059894025325775146,0.058338843286037445,0.9826098484978353,0.9820559560075791,0.9825833333333334,0.982,0.9825772496017897,0.981994731747743
328,0.9826666666666667,0.9824,0.059085555374622345,0.0576523132622242,0.9826897848904831,0.9824450446429213,0.9826666666666667,0.9824,0.9826659740192043,0.9823962012437581
329,0.9829833333333333,0.9818,0.0593075230717659,0.05902112275362015,0.9829965524389442,0.9818470095357412,0.9829833333333333,0.9818,0.9829796104337293,0.9817912146789904
330,0.9829666666666667,0.9822,0.05874354764819145,0.05748710781335831,0.9829746454959791,0.9822332188858445,0.9829666666666667,0.9822,0.9829630402307911,0.9821948689806835
331,0.9828666666666667,0.9821,0.05907123163342476,0.05692126974463463,0.982878624126701,0.9821251442035377,0.9828666666666667,0.9821,0.9828623874931436,0.9820938763925627
332,0.9833166666666666,0.9825,0.058170855045318604,0.056531403213739395,0.9833213197515528,0.982513012937042,0.9833166666666666,0.9825,0.983315198606875,0.9824934964672081
333,0.9828666666666667,0.9827,0.05861211568117142,0.05759741738438606,0.9828661330837286,0.982751169323329,0.9828666666666667,0.9827,0.982857442437065,0.9826914653679835
334,0.9830666666666666,0.9824,0.0583689883351326,0.056548334658145905,0.9830825652813628,0.9824225259244951,0.9830666666666666,0.9824,0.9830696258060269,0.9823973368915269
335,0.9830833333333333,0.9828,0.05855692923069,0.056754834949970245,0.9830866201381633,0.982829586593948,0.9830833333333333,0.9828,0.9830752908076027,0.9827930525044468
336,0.9830333333333333,0.982,0.05860350653529167,0.056812889873981476,0.9830525685855107,0.9820315660614731,0.9830333333333333,0.982,0.9830322620004287,0.9819934226210191
337,0.9830333333333333,0.9821,0.058146193623542786,0.05778637155890465,0.9830426444290048,0.9821381658412289,0.9830333333333333,0.9821,0.9830338084832614,0.9820962049981845
338,0.9835,0.9829,0.058077193796634674,0.056754253804683685,0.9835100752991848,0.9829273106289491,0.9835,0.9829,0.9835004037594192,0.9828950609765005
339,0.9831833333333333,0.983,0.058346595615148544,0.057814884930849075,0.9831953245851609,0.9830492524461845,0.9831833333333333,0.983,0.9831815254053994,0.9829941940084169
340,0.9828166666666667,0.9823,0.05938410386443138,0.05751848220825195,0.9828239275523163,0.9823248918880437,0.9828166666666667,0.9823,0.9828064566819288,0.9822798253028994
341,0.98325,0.9828,0.05823594331741333,0.05686041712760925,0.983264334068664,0.9828296975018104,0.98325,0.9828,0.9832459692756272,0.982794023339911
342,0.9828833333333333,0.9822,0.05801301449537277,0.05637463927268982,0.9828940667470494,0.9822215174071942,0.9828833333333333,0.9822,0.9828836325951467,0.9821939697370082
343,0.9827666666666667,0.9817,0.0591474212706089,0.05854392051696777,0.9828062726501824,0.9817559522015106,0.9827666666666667,0.9817,0.982775227653209,0.9816958699659066
344,0.98335,0.9824,0.057972248643636703,0.05768764764070511,0.983349400387912,0.9824413294058472,0.98335,0.9824,0.9833425475331325,0.982393219553858
345,0.9833833333333334,0.9823,0.05771962180733681,0.056303489953279495,0.9833991844052741,0.9823199601387697,0.9833833333333334,0.9823,0.9833864134021033,0.9822936577352939
346,0.9826,0.9829,0.059061434119939804,0.05869127810001373,0.9826235375875682,0.9829655894323694,0.9826,0.9829,0.9825895457981996,0.9828925517028055
347,0.9835833333333334,0.9826,0.05765163153409958,0.05647836998105049,0.9836085972715377,0.9826282934645009,0.9835833333333334,0.9826,0.9835890286669642,0.9825968258625939
348,0.9837166666666667,0.9831,0.05761479586362839,0.0568213127553463,0.9837305529010592,0.9831362909875748,0.9837166666666667,0.9831,0.983716198480148,0.9830969668350601
349,0.9836333333333334,0.9828,0.057291578501462936,0.05659262090921402,0.9836376566704503,0.9828170465437259,0.9836333333333334,0.9828,0.9836298836971568,0.9827952795397834
350,0.9835666666666667,0.9823,0.057392533868551254,0.056592535227537155,0.9835746712143574,0.9823275410157728,0.9835666666666667,0.9823,0.9835654286993291,0.9822919867024633
351,0.9832666666666666,0.9831,0.057787418365478516,0.05621284618973732,0.9833050676235512,0.9831218289918059,0.9832666666666666,0.9831,0.9832737360229042,0.9830981463685883
352,0.9833666666666666,0.9819,0.05821939930319786,0.056910790503025055,0.9834029297949004,0.9819436439106164,0.9833666666666666,0.9819,0.9833718073348733,0.9818958184311487
353,0.9835166666666667,0.9822,0.05755455419421196,0.05716554448008537,0.9835299222541759,0.9822435627268944,0.9835166666666667,0.9822,0.983514509887955,0.9821977024086705
354,0.9835666666666667,0.9821,0.057490620762109756,0.058139439672231674,0.983577212904528,0.9821440358069485,0.9835666666666667,0.9821,0.9835668158034823,0.9820931538893166
355,0.98305,0.9823,0.0576348602771759,0.056038983166217804,0.9830802780241413,0.982318143291214,0.98305,0.9823,0.9830521442462733,0.9822949076323344
356,0.9836333333333334,0.9818,0.05736161023378372,0.056938737630844116,0.9836401827350227,0.9818372784080158,0.9836333333333334,0.9818,0.9836268268529105,0.9817958893966697
357,0.98355,0.9819,0.05689035356044769,0.056397076696157455,0.9835592180093298,0.9819214926584892,0.98355,0.9819,0.9835489339253044,0.9818907252801334
358,0.9824,0.9807,0.059870801866054535,0.061470866203308105,0.9824465897333985,0.9808378580861461,0.9824,0.9807,0.9823876785904292,0.9806950393525266
359,0.9832166666666666,0.982,0.05751316249370575,0.05782786384224892,0.9832290422613631,0.9820381034495412,0.9832166666666666,0.982,0.9832140388904514,0.9819914187078109
360,0.9834,0.9823,0.05706926807761192,0.05666646733880043,0.9834105736150374,0.9823347900475626,0.9834,0.9823,0.9834006199904555,0.9822905638915971
361,0.9832666666666666,0.982,0.05777785927057266,0.05665338784456253,0.9832896436853239,0.9820205186547614,0.9832666666666666,0.982,0.9832623237775899,0.9819896877350976
362,0.9835,0.9827,0.057412080466747284,0.055834751576185226,0.9835455424039784,0.9827406961909834,0.9835,0.9827,0.983510188078138,0.9827003747302653
363,0.9832,0.9823,0.05755562335252762,0.05674371495842934,0.9832314714361146,0.9823377622000927,0.9832,0.9823,0.9832011995611705,0.9822993255150817
364,0.9836666666666667,0.9829,0.05725950747728348,0.055022962391376495,0.9836962567724419,0.9829274884405172,0.9836666666666667,0.9829,0.9836688380832885,0.9828992082651677
365,0.9836333333333334,0.9828,0.05722113698720932,0.05690936744213104,0.983643340209077,0.9828710148105594,0.9836333333333334,0.9828,0.9836237809296436,0.9827932691042853
366,0.9837166666666667,0.9828,0.0565270371735096,0.05476796254515648,0.9837307911339849,0.9828191894732976,0.9837166666666667,0.9828,0.9837163758861426,0.9827976490918039
367,0.9838666666666667,0.9814,0.05665658414363861,0.05731899291276932,0.9838671638513287,0.9814350381696786,0.9838666666666667,0.9814,0.9838592607446119,0.9813917980736693
368,0.9837166666666667,0.9826,0.0563611276447773,0.05485119670629501,0.9837250076106119,0.9826136898793778,0.9837166666666667,0.9826,0.9837138750484765,0.982593000807067
369,0.9838,0.9826,0.05602799355983734,0.05548754334449768,0.9838048812731595,0.9826230394614444,0.9838,0.9826,0.9837972257487396,0.9825911294970625
370,0.9837166666666667,0.9831,0.056750454008579254,0.055699024349451065,0.9837490138235264,0.983143382505055,0.9837166666666667,0.9831,0.9837210266972526,0.9830992185486417
371,0.98385,0.9826,0.05652615427970886,0.05594586208462715,0.983858437179201,0.9826422813891997,0.98385,0.9826,0.9838462870019518,0.9825978308200323
372,0.9835166666666667,0.9828,0.056123584508895874,0.054655540734529495,0.9835314036170065,0.9828195646347071,0.9835166666666667,0.9828,0.9835174314539311,0.9827919432116884
373,0.9838,0.9827,0.05681391432881355,0.05664245784282684,0.9838267084609872,0.9827301329376033,0.9838,0.9827,0.9838034953497033,0.9826945646499211
374,0.9837333333333333,0.9829,0.05698312819004059,0.057759709656238556,0.9837410474898451,0.9829695450280513,0.9837333333333333,0.9829,0.9837184704681907,0.9828859532239427
375,0.9835333333333334,0.9831,0.05668838694691658,0.05531836673617363,0.9835500458188635,0.9831382450955997,0.9835333333333334,0.9831,0.9835328790374367,0.9830896718323596
376,0.9840833333333333,0.9828,0.055778905749320984,0.05510484054684639,0.9840934330276249,0.9828249881704796,0.9840833333333333,0.9828,0.984083162127393,0.9827973464723371
377,0.9841333333333333,0.983,0.05546896159648895,0.05506286025047302,0.9841437926314175,0.983018149576602,0.9841333333333333,0.983,0.9841345844374766,0.98299622894666
378,0.984,0.9822,0.056248124688863754,0.05722455307841301,0.9840053191823561,0.9822629010362364,0.984,0.9822,0.9839904995460482,0.9821926385306878
379,0.9843333333333333,0.9831,0.055560868233442307,0.055929359048604965,0.9843307099503367,0.9831306021098222,0.9843333333333333,0.9831,0.9843267727873964,0.9830933303721027
380,0.9840166666666667,0.9821,0.056564897298812866,0.05663016811013222,0.9840550340743501,0.9821445529221683,0.9840166666666667,0.9821,0.9840239123005876,0.9821001487844516
381,0.9843833333333334,0.9828,0.05549773946404457,0.05559132620692253,0.984392213316758,0.98282441389196,0.9843833333333334,0.9828,0.9843842745339951,0.9827948333184948
382,0.9839666666666667,0.9827,0.05569901689887047,0.054658323526382446,0.9839836298982401,0.9827143194281253,0.9839666666666667,0.9827,0.9839691145053286,0.9826920217336916
383,0.9842166666666666,0.9834,0.05541355907917023,0.054982464760541916,0.9842219198569784,0.9834271735571821,0.9842166666666666,0.9834,0.9842148587816972,0.9833947353677839
384,0.9839333333333333,0.9828,0.05602426826953888,0.05479678511619568,0.9839464861027593,0.9828185910002434,0.9839333333333333,0.9828,0.9839300310939869,0.9827911103263123
385,0.9842,0.9832,0.05517972633242607,0.05456472933292389,0.9842083492211566,0.9832227355777697,0.9842,0.9832,0.984198835648622,0.9831949503319641
386,0.9838666666666667,0.9839,0.0560033917427063,0.05482255294919014,0.9838734064100213,0.9839280857126983,0.9838666666666667,0.9839,0.9838614745074153,0.9838897522507579
387,0.9839833333333333,0.9837,0.05656985193490982,0.05504216253757477,0.9840034881072687,0.9837515602068534,0.9839833333333333,0.9837,0.9839774039009505,0.9836944500044054
388,0.9843833333333334,0.9828,0.05499212071299553,0.055296171456575394,0.9843759541886853,0.9828226347523974,0.9843833333333334,0.9828,0.9843763940573819,0.9827923053302702
389,0.984,0.9823,0.05639480799436569,0.05770985037088394,0.9840078354332007,0.9823715546176817,0.984,0.9823,0.9839884555586075,0.9822944914085221
390,0.9838666666666667,0.9824,0.055531375110149384,0.05598275735974312,0.9838853698401296,0.9824424790410521,0.9838666666666667,0.9824,0.9838695151161061,0.9823981783604119
391,0.9836166666666667,0.9827,0.05630183592438698,0.05434361472725868,0.9836784498119507,0.9827328663889519,0.9836166666666667,0.9827,0.9836299237215858,0.9827004330773967
392,0.98445,0.9827,0.05458470806479454,0.05368419364094734,0.9844530455846804,0.9827207899083372,0.98445,0.9827,0.9844497363011099,0.9826968566841304
393,0.9839666666666667,0.9823,0.056167155504226685,0.05604013800621033,0.9840139999266236,0.982350919706132,0.9839666666666667,0.9823,0.9839765986552955,0.9823035594942897
394,0.9844166666666667,0.983,0.054901547729969025,0.05462946742773056,0.9844259345243065,0.9830251907821337,0.9844166666666667,0.983,0.9844163589560734,0.9829970929489413
395,0.9842833333333333,0.983,0.054972246289253235,0.05413023754954338,0.9842926614282365,0.9830245029485543,0.9842833333333333,0.983,0.9842809246477947,0.9829920727944033
396,0.98435,0.9823,0.055730655789375305,0.056837040930986404,0.9843665423954584,0.9823600749347455,0.98435,0.9823,0.9843436637619151,0.9822950164687074
397,0.9838,0.9823,0.056956417858600616,0.0564747117459774,0.9838272290904819,0.982391790884206,0.9838,0.9823,0.9837870235573211,0.982295995349229
398,0.98405,0.9817,0.05595842003822327,0.0567159540951252,0.9840681155593511,0.9817438634227694,0.98405,0.9817,0.9840482439003218,0.981691713716648
399,0.98425,0.9832,0.05449216067790985,0.054973725229501724,0.9842534671967766,0.9832268008370567,0.98425,0.9832,0.9842482353951985,0.9831955921404971
400,0.98435,0.9834,0.054973624646663666,0.055595409125089645,0.9843450857700973,0.9834299973744739,0.98435,0.9834,0.9843412557575464,0.9833925783250852
401,0.9837666666666667,0.9822,0.05600598081946373,0.05437302216887474,0.9838251996398603,0.9822209342930682,0.9837666666666667,0.9822,0.9837751710688726,0.9821953420314001
402,0.9847166666666667,0.9825,0.05427602678537369,0.0540374331176281,0.9847216265452582,0.9825209124176667,0.9847166666666667,0.9825,0.984716190730177,0.9824967347134336
403,0.98435,0.9825,0.05497881770133972,0.054989758878946304,0.9843758756752439,0.9825294071853119,0.98435,0.9825,0.984356691707691,0.9824985094843829
404,0.9845666666666667,0.9826,0.05470810830593109,0.056085601449012756,0.9845699021175822,0.9826371828685831,0.9845666666666667,0.9826,0.9845633062033816,0.9825921217309955
405,0.9845333333333334,0.9831,0.05524871125817299,0.055463116616010666,0.984539964679547,0.9831520108493654,0.9845333333333334,0.9831,0.984523976813105,0.9830915675458478
406,0.9842166666666666,0.982,0.054646603763103485,0.05480258911848068,0.9842284562856402,0.982022943313024,0.9842166666666666,0.982,0.9842148956730262,0.9819933715397868
407,0.98475,0.983,0.05390414968132973,0.054059434682130814,0.9847532677575196,0.9830185825755783,0.98475,0.983,0.9847494543012435,0.9829954141767077
408,0.9842333333333333,0.9827,0.05477970093488693,0.05406893789768219,0.9842647129095092,0.9827337896947187,0.9842333333333333,0.9827,0.9842376593894482,0.9827005206132613
409,0.9846166666666667,0.9832,0.05388189107179642,0.054615192115306854,0.9846132649144087,0.9832200646775349,0.9846166666666667,0.9832,0.9846130338274711,0.9831939710690561
410,0.9845833333333334,0.9828,0.05452645570039749,0.05527611821889877,0.9845915814357317,0.9828441627564435,0.9845833333333334,0.9828,0.9845809107438489,0.9827982369616212
411,0.9844,0.9826,0.05492164567112923,0.05415825918316841,0.9844362400896388,0.9826335500916265,0.9844,0.9826,0.9844072575207619,0.9826019996969282
412,0.98425,0.9825,0.05551852285861969,0.055150773376226425,0.9842888812370694,0.9825627925880621,0.98425,0.9825,0.9842518267073014,0.9824910972794884
413,0.9838333333333333,0.9812,0.05596190318465233,0.057314563542604446,0.9838637896421563,0.9812731771749088,0.9838333333333333,0.9812,0.983826737578657,0.9811904150265826
414,0.9845333333333334,0.9836,0.05410216003656387,0.054819755256175995,0.9845298122168189,0.9836308335248357,0.9845333333333334,0.9836,0.9845270423754146,0.9835916287280455
415,0.9841833333333333,0.9832,0.05478218197822571,0.05535686016082764,0.9841824354522004,0.9832208821338562,0.9841833333333333,0.9832,0.9841716704055165,0.9831906081527019
416,0.9844,0.9826,0.05441494658589363,0.054219651967287064,0.9844232167580451,0.9826249458674418,0.9844,0.9826,0.9844014111373143,0.9825949663486404
417,0.9846166666666667,0.9833,0.05464966222643852,0.05605313181877136,0.9846213732001733,0.9833729644835201,0.9846166666666667,0.9833,0.9846076920201177,0.9832950427022064
418,0.9842833333333333,0.9827,0.05424585938453674,0.05388931185007095,0.9842915414263479,0.982714634686416,0.9842833333333333,0.9827,0.9842805887949557,0.9826887449587177
419,0.9846833333333334,0.9831,0.05324616655707359,0.05393086373806,0.9846906285834012,0.983118748877526,0.9846833333333334,0.9831,0.9846854598773775,0.9830964033548315
420,0.9846333333333334,0.9832,0.05359750613570213,0.0540350079536438,0.9846422186949829,0.9832174908432909,0.9846333333333334,0.9832,0.9846329982732356,0.9831952748464828
421,0.9842833333333333,0.9837,0.05411127209663391,0.053681205958127975,0.9842800416968388,0.9837148227518634,0.9842833333333333,0.9837,0.984274177909693,0.9836870040532225
422,0.984,0.9824,0.055543627589941025,0.054105713963508606,0.9840783628668057,0.9824316704980476,0.984,0.9824,0.9840176230019585,0.9824001716528487
423,0.98435,0.9823,0.054725904017686844,0.05629300698637962,0.9843694851599499,0.9823675683672763,0.98435,0.9823,0.9843450690370433,0.9822927947719073
424,0.9846166666666667,0.9827,0.0540001355111599,0.053862206637859344,0.9846354056268927,0.9827347667748687,0.9846166666666667,0.9827,0.9846162708362632,0.9827002837096299
425,0.9843333333333333,0.9834,0.05419433116912842,0.054097339510917664,0.9843492236017855,0.9834212933423547,0.9843333333333333,0.9834,0.9843332306149707,0.9833894246260736
426,0.98475,0.984,0.05379335954785347,0.052831146866083145,0.9847598092152239,0.9840125367083052,0.98475,0.984,0.9847475656562196,0.9839957487644099
427,0.9850166666666667,0.983,0.0533805713057518,0.05333970859646797,0.9850219121535894,0.9830178570059374,0.9850166666666667,0.983,0.985014140862333,0.9829945137091232
428,0.98475,0.9836,0.05386078730225563,0.05480944737792015,0.9847510951554692,0.9836566698572804,0.98475,0.9836,0.9847413595007095,0.9835942078372502
429,0.98415,0.9829,0.05459597706794739,0.053252141922712326,0.9841970018816205,0.9829291900343522,0.98415,0.9829,0.9841573236144758,0.9829011346435643
430,0.9845833333333334,0.9828,0.05359811335802078,0.05481303110718727,0.9846003217514954,0.9828375593225229,0.9845833333333334,0.9828,0.9845842710472322,0.982793378395342
431,0.9848666666666667,0.9828,0.05390563979744911,0.056001581251621246,0.9848677292049927,0.9828565609902685,0.9848666666666667,0.9828,0.9848560398076485,0.9827893740533035
432,0.9844166666666667,0.9827,0.05432296171784401,0.05453053489327431,0.984444336213423,0.9827292955045417,0.9844166666666667,0.9827,0.9844209489282508,0.9826946722609746
433,0.9847833333333333,0.9825,0.05426826328039169,0.05497131869196892,0.9848326240262706,0.9825392120902654,0.9847833333333333,0.9825,0.9847941661952759,0.9825000468229449
434,0.9841333333333333,0.9834,0.05439196899533272,0.0538349375128746,0.9841726386383741,0.9834390906558051,0.9841333333333333,0.9834,0.9841358954462046,0.9834003103190185
435,0.9854,0.9831,0.05307434871792793,0.05449355021119118,0.9854100328562466,0.9831465071635171,0.9854,0.9831,0.9853979178232176,0.9830950371273811
436,0.9845666666666667,0.9821,0.054562587291002274,0.056301653385162354,0.984576890479858,0.9821500206786135,0.9845666666666667,0.9821,0.9845539790503125,0.9820804320581127
437,0.9850833333333333,0.9833,0.05262645334005356,0.05382746085524559,0.9850855894563849,0.9833334636757998,0.9850833333333333,0.9833,0.9850817558220041,0.9832963899412671
438,0.9849,0.9832,0.053897321224212646,0.05252387747168541,0.9849465973774536,0.9832263718354805,0.9849,0.9832,0.9849085159759029,0.983201364483041
439,0.9847333333333333,0.9827,0.05366663262248039,0.054227955639362335,0.9847607990003984,0.9827313224590309,0.9847333333333333,0.9827,0.9847400671511202,0.9826989292330247
440,0.98475,0.9828,0.052974238991737366,0.052872661501169205,0.9847619759653857,0.9828209531047695,0.98475,0.9828,0.9847482551206148,0.9827966751873142
441,0.98505,0.9837,0.052839163690805435,0.05284017324447632,0.9850488870982483,0.9837241832924661,0.98505,0.9837,0.9850431575629024,0.9836927025175141
442,0.9847833333333333,0.9821,0.05409034341573715,0.05678870156407356,0.984794941631191,0.9821686682175972,0.9847833333333333,0.9821,0.9847739527844753,0.9820927837529841
443,0.9847833333333333,0.9831,0.052982740104198456,0.05271265283226967,0.9848013927577222,0.9831197198260819,0.9847833333333333,0.9831,0.984784243072335,0.9830935415766071
444,0.9849166666666667,0.983,0.05341099947690964,0.053053099662065506,0.9849407044904352,0.983030745177703,0.9849166666666667,0.983,0.9849158444819767,0.9829985582581621
445,0.9851,0.9827,0.05265750735998154,0.054161712527275085,0.9851005042279986,0.9827230593657438,0.9851,0.9827,0.9850963947695486,0.9826933441833331
446,0.985,0.9844,0.05347336456179619,0.05332907289266586,0.9850075559519166,0.9844460862487484,0.985,0.9844,0.9849917121700426,0.9843927819976489
447,0.9853166666666666,0.9835,0.052164215594530106,0.052765924483537674,0.9853163126687179,0.9835199491412839,0.9853166666666666,0.9835,0.9853135705197177,0.9834937295841217
448,0.9851333333333333,0.9832,0.052269723266363144,0.052283648401498795,0.9851470071522088,0.9832245655765879,0.9851333333333333,0.9832,0.9851359364862549,0.9831973444897256
449,0.9829333333333333,0.9809,0.05747741833329201,0.05798965319991112,0.9830915763499762,0.9810166445004957,0.9829333333333333,0.9809,0.9829555255974217,0.9809008749427321
450,0.9855166666666667,0.9834,0.05189775675535202,0.05227718502283096,0.9855155516989403,0.9834186602918226,0.9855166666666667,0.9834,0.9855128605178057,0.9833936772179579
451,0.9848833333333333,0.9842,0.0537702701985836,0.05348997190594673,0.9849045346907976,0.984253640677881,0.9848833333333333,0.9842,0.9848765249654069,0.9841934724081307
452,0.9847833333333333,0.9839,0.05358541011810303,0.05361945927143097,0.984811315136244,0.983959535949328,0.9847833333333333,0.9839,0.9847808717907971,0.9838981469859451
453,0.9851333333333333,0.9836,0.05243430286645889,0.05271728336811066,0.9851467183429807,0.9836301664435465,0.9851333333333333,0.9836,0.9851351650262338,0.9835970351986294
454,0.9853,0.983,0.0529862605035305,0.053804948925971985,0.9853208041935195,0.9830424636101479,0.9853,0.983,0.985299672624982,0.9829935979969879
455,0.9847166666666667,0.9822,0.054343391209840775,0.0571257583796978,0.9847518594059023,0.9823067212991072,0.9847166666666667,0.9822,0.9847088348636365,0.9821988644889094
456,0.9851333333333333,0.9829,0.052293065935373306,0.05333979055285454,0.9851392679265984,0.9829261766746422,0.9851333333333333,0.9829,0.9851306608148038,0.9828953253228813
457,0.9852,0.9839,0.051866885274648666,0.051838237792253494,0.9852060866271168,0.9839183374420108,0.9852,0.9839,0.9851986084520447,0.9838959797557288
458,0.9848166666666667,0.9833,0.0530809611082077,0.05361486226320267,0.9848558941010951,0.9833579542891226,0.9848166666666667,0.9833,0.9848222660866401,0.9832978219769333
459,0.9852833333333333,0.9836,0.05203795060515404,0.052493803203105927,0.9852907231865421,0.9836194424114563,0.9852833333333333,0.9836,0.985281389636079,0.9835969390246533
460,0.9850833333333333,0.9826,0.052875205874443054,0.054717328399419785,0.985107610755557,0.9826446401023666,0.9850833333333333,0.9826,0.9850834353865581,0.9825977492906641
461,0.98515,0.9834,0.053076814860105515,0.05386803671717644,0.9851885143781237,0.9834653959256133,0.98515,0.9834,0.9851534906521242,0.9833947840749413
462,0.9854,0.9828,0.052823517471551895,0.05326566845178604,0.9854147125970604,0.9828346904335822,0.9854,0.9828,0.9853957963534291,0.982796954493004
463,0.9853,0.9839,0.05274016782641411,0.0536612793803215,0.9853191546370763,0.9839687530039891,0.9853,0.9839,0.9852938681018318,0.9838939682713972
464,0.9853666666666666,0.9831,0.05174778774380684,0.05206954479217529,0.9853713767694875,0.9831223983176376,0.9853666666666666,0.9831,0.9853633982610533,0.9830926957648125
465,0.9854333333333334,0.9837,0.05213787406682968,0.05390818417072296,0.9854337845741659,0.9837399210836227,0.9854333333333334,0.9837,0.9854248660233185,0.9836892167447812
466,0.98565,0.9831,0.05169275775551796,0.052626051008701324,0.9856572782224945,0.9831215103959811,0.98565,0.9831,0.9856488750494834,0.983096394252278
467,0.98505,0.9827,0.05258310213685036,0.055080659687519073,0.9850608073844551,0.9827616678612421,0.98505,0.9827,0.9850452961603913,0.9826870135107405
468,0.98535,0.9836,0.051993999630212784,0.0533599853515625,0.9853496162114558,0.9836358158456602,0.98535,0.9836,0.9853420354801512,0.9835937972608905
469,0.9850833333333333,0.9832,0.0529247522354126,0.0544685535132885,0.9850945810111349,0.9832416530258548,0.9850833333333333,0.9832,0.9850759968745921,0.9831940975215308
470,0.9849,0.9833,0.0534433014690876,0.05672551319003105,0.9849258660144978,0.9833873331281158,0.9849,0.9833,0.9848871475320606,0.9832925571345562
471,0.9852333333333333,0.9834,0.05196899548172951,0.05253630876541138,0.9852582105962506,0.9834428395827605,0.9852333333333333,0.9834,0.9852363639128131,0.9834009053844458
472,0.9856166666666667,0.9845,0.052402764558792114,0.05369911342859268,0.9856304553985881,0.9845677795539673,0.9856166666666667,0.9845,0.9856099174315304,0.9844948136542289
473,0.9841833333333333,0.983,0.05563196539878845,0.05554733797907829,0.9842731997596714,0.9831232739859846,0.9841833333333333,0.983,0.9841850955653828,0.9830060768275107
474,0.9855,0.9839,0.05211600288748741,0.054092906415462494,0.9855050800528702,0.983973340311074,0.9855,0.9839,0.9854895691412092,0.9838930844142051
475,0.9854,0.9834,0.051466479897499084,0.05235941335558891,0.98541184881864,0.9834247904952288,0.9854,0.9834,0.9854005070446992,0.9833958425083629
476,0.9856,0.9835,0.05100981146097183,0.051892515271902084,0.9856115713888811,0.983518959685798,0.9856,0.9835,0.985602002372664,0.9834948196298278
477,0.9858,0.9833,0.05168217420578003,0.05361780896782875,0.9858106932635795,0.9833565792892417,0.9858,0.9833,0.9857957394642918,0.9832950731893099
478,0.9855,0.9835,0.05123228207230568,0.05206695571541786,0.9855159964249331,0.9835297433629876,0.9855,0.9835,0.9855028498710432,0.9834982431264245
479,0.9856833333333334,0.9836,0.051745276898145676,0.052865710109472275,0.985695377450319,0.9836487003329206,0.9856833333333334,0.9836,0.9856768855873144,0.9835937566839897
480,0.98525,0.9837,0.05282486602663994,0.053181737661361694,0.9852912081690649,0.9837563225885744,0.98525,0.9837,0.985249252643342,0.9836986504497177
481,0.9853,0.9834,0.05172252655029297,0.052396368235349655,0.9853206607540856,0.9834231030925518,0.9853,0.9834,0.9853014517935864,0.9833961794899749
482,0.9854666666666667,0.9837,0.05216962471604347,0.053746502846479416,0.9854769900472851,0.9837624550204351,0.9854666666666667,0.9837,0.9854585524257305,0.983693187503754
483,0.9852833333333333,0.9833,0.051799919456243515,0.05101260170340538,0.9853166303418147,0.9833117217931765,0.9852833333333333,0.9833,0.9852912369235599,0.9832980088033342
484,0.9843333333333333,0.9816,0.05517712980508804,0.05703626200556755,0.98440738865141,0.9816914422133548,0.9843333333333333,0.9816,0.9843250469136806,0.9815851497080943
485,0.9852833333333333,0.9827,0.05213204771280289,0.05477943271398544,0.9853172531920854,0.9827742680476956,0.9852833333333333,0.9827,0.9852868529929547,0.9827016305839937
486,0.98385,0.9816,0.055615153163671494,0.059182874858379364,0.9839435117259969,0.9818073926717945,0.98385,0.9816,0.9838501012482238,0.9816077670302733
487,0.9853666666666666,0.9836,0.05298655480146408,0.05498959869146347,0.9853868312972902,0.9836769315484848,0.9853666666666666,0.9836,0.9853526099422591,0.98358935830504
488,0.9855333333333334,0.9845,0.051504939794540405,0.05156301334500313,0.9855436563584921,0.9845312099731655,0.9855333333333334,0.9845,0.9855280173873799,0.9844952492590601
489,0.9850666666666666,0.9833,0.05244341865181923,0.05284128338098526,0.9851121931178144,0.9833275908475116,0.9850666666666666,0.9833,0.9850702848898188,0.9832944229554188
490,0.9859,0.9835,0.05118362978100777,0.05233442410826683,0.9859080413491302,0.9835508657944285,0.9859,0.9835,0.9858947850556389,0.9834941431317782
491,0.9851666666666666,0.9838,0.05176474153995514,0.05113732069730759,0.9852218820991024,0.9838256626858579,0.9851666666666666,0.9838,0.9851789767998113,0.9837992021306791
492,0.98565,0.9842,0.05042972043156624,0.051595885306596756,0.985650079149309,0.9842204310249221,0.98565,0.9842,0.9856474468719538,0.9841922839378106
493,0.9851833333333333,0.9838,0.05254284664988518,0.05308925732970238,0.9852197853778156,0.9838610292157589,0.9851833333333333,0.9838,0.9851834070301042,0.9838020277545285
494,0.9858,0.9832,0.05089680850505829,0.05153680592775345,0.9858089472997689,0.983227086486247,0.9858,0.9832,0.9857952379505892,0.9831923583233098
495,0.9856833333333334,0.9846,0.05109468474984169,0.05044431611895561,0.9857065284727942,0.9846266755490435,0.9856833333333334,0.9846,0.9856839439723007,0.9845986684446454
496,0.9855,0.9838,0.050924744457006454,0.05098012462258339,0.9855205728738078,0.9838188934900846,0.9855,0.9838,0.9855017417666785,0.9837986921911541
497,0.98595,0.9843,0.050088655203580856,0.050390686839818954,0.9859502198637494,0.9843148253222125,0.98595,0.9843,0.985946730216803,0.9842936387705826
498,0.9856833333333334,0.9843,0.05152515694499016,0.05153917148709297,0.9857132334505663,0.9843599173451255,0.9856833333333334,0.9843,0.9856826041055287,0.9842945530347684
499,0.9856666666666667,0.9831,0.05096999928355217,0.053166963160037994,0.9856824975687672,0.9831614869049883,0.9856666666666667,0.9831,0.9856663062609439,0.9830949727872595
500,0.98585,0.9845,0.05159921199083328,0.051967162638902664,0.9858755474494901,0.9845628310546497,0.98585,0.9845,0.9858463546970514,0.9845001338081549
501,0.9836666666666667,0.9827,0.055706094950437546,0.05307354778051376,0.983858144441673,0.9828372385108906,0.9836666666666667,0.9827,0.9837001042194731,0.9827243925888952
502,0.9858666666666667,0.9842,0.05007743090391159,0.05073392391204834,0.9858684259458136,0.9842137857260428,0.9858666666666667,0.9842,0.9858631501030979,0.9841913400357744
503,0.9856166666666667,0.9842,0.05106014758348465,0.050225526094436646,0.9856532084769586,0.9842165534190708,0.9856166666666667,0.9842,0.9856223950182017,0.984199394906134
504,0.9857333333333334,0.9836,0.05051925405859947,0.050864387303590775,0.9857534624429695,0.9836236671232526,0.9857333333333334,0.9836,0.9857370383220317,0.9835961130337211
505,0.9858166666666667,0.9843,0.0514141246676445,0.05173473432660103,0.9858295285422131,0.9843427828656112,0.9858166666666667,0.9843,0.9858071326939954,0.984297436351337
506,0.9860666666666666,0.9833,0.050304606556892395,0.05138073116540909,0.9860790647475592,0.9833241186470588,0.9860666666666666,0.9833,0.9860673281193452,0.9832970955420018
507,0.98565,0.9838,0.051460981369018555,0.05315399169921875,0.9856803513932221,0.9838800986157559,0.98565,0.9838,0.9856502899726596,0.9837983308139159
508,0.9858166666666667,0.9836,0.05028853937983513,0.05178201198577881,0.9858252110967118,0.9836288439841241,0.9858166666666667,0.9836,0.9858162407692725,0.9835933631520384
509,0.9858833333333333,0.9833,0.05047750100493431,0.05215764045715332,0.9858976158433366,0.9833227183883017,0.9858833333333333,0.9833,0.9858849201394552,0.9832954385899305
510,0.9858833333333333,0.9839,0.050326913595199585,0.0519191175699234,0.9858861451084145,0.983930950431105,0.9858833333333333,0.9839,0.985878864678985,0.9838939103440493
511,0.9856,0.9836,0.05243061110377312,0.05438850820064545,0.9856310591574258,0.9836823931580028,0.9856,0.9836,0.9855874118046161,0.9835830456443644
512,0.9859166666666667,0.9833,0.050288692116737366,0.05065057799220085,0.9859485908623377,0.9833335707397804,0.9859166666666667,0.9833,0.9859223878859443,0.9832984136189349
513,0.9860166666666667,0.9846,0.04951414465904236,0.05086594447493553,0.9860200161117763,0.9846267247646285,0.9860166666666667,0.9846,0.9860143453228484,0.9845922400540043
514,0.98585,0.9838,0.05000191554427147,0.05123459920287132,0.9858558699280043,0.9838273062107475,0.98585,0.9838,0.985847285008075,0.9837906567529533
515,0.98595,0.9836,0.05035782605409622,0.05056723952293396,0.9859812043626659,0.9836305682414695,0.98595,0.9836,0.9859575829255748,0.983603177418514
516,0.9857333333333334,0.9832,0.051171205937862396,0.052023228257894516,0.9857827402565125,0.9832470124382937,0.9857333333333334,0.9832,0.9857450743975623,0.9832024033857393
517,0.98605,0.9841,0.049810782074928284,0.05081645026803017,0.9860481159438722,0.9841267388945871,0.98605,0.9841,0.9860435087408638,0.9840937602744112
518,0.9861,0.9841,0.05009119585156441,0.051711805164813995,0.9861112557166626,0.984128573299315,0.9861,0.9841,0.9860984629309207,0.9840966039689881
519,0.9858166666666667,0.9835,0.05089856684207916,0.05180273577570915,0.9858358791671077,0.9835188586807188,0.9858166666666667,0.9835,0.9858135926043099,0.9834914855370391
520,0.9858166666666667,0.9844,0.050187163054943085,0.050717391073703766,0.9858395912461123,0.9844396454661166,0.9858166666666667,0.9844,0.9858181983974216,0.9843962800653321
521,0.9863833333333333,0.9842,0.049994613975286484,0.05150476098060608,0.9863921521138497,0.9842379453523321,0.9863833333333333,0.9842,0.9863767144443742,0.9841891357969882
522,0.98605,0.9835,0.04979538917541504,0.0510149747133255,0.9860759619103461,0.9835270539793628,0.98605,0.9835,0.9860561455021977,0.9834973690251365
523,0.9860333333333333,0.9838,0.04969427362084389,0.0510278157889843,0.9860497416523842,0.9838466617109858,0.9860333333333333,0.9838,0.986036733741611,0.9837995690807382
524,0.9856166666666667,0.983,0.05091916769742966,0.053876716643571854,0.9856463577754914,0.9831087044022866,0.9856166666666667,0.983,0.9856165788100983,0.9830033008168799
525,0.9861666666666666,0.9845,0.049252741038799286,0.05088799074292183,0.9861665527451825,0.9845281268441877,0.9861666666666666,0.9845,0.9861634144803091,0.9844922047975748
526,0.9861833333333333,0.9834,0.04943658038973808,0.05162731930613518,0.9861879561283056,0.9834240744256173,0.9861833333333333,0.9834,0.9861815234861845,0.983393986276654
527,0.9857333333333334,0.9836,0.05105920135974884,0.05372863635420799,0.9857499047430395,0.9836699437812043,0.9857333333333334,0.9836,0.9857233172000999,0.9835939220674201
528,0.9861,0.9831,0.05054989457130432,0.05295073986053467,0.9861181912897468,0.9831727948738243,0.9861,0.9831,0.9860931482042332,0.9830930558523366
529,0.9863,0.9848,0.04922133684158325,0.04979972913861275,0.9863007327965787,0.9848111899221225,0.9863,0.9848,0.9862972554946787,0.9847929717505988
530,0.9859,0.9837,0.050577979534864426,0.0531119629740715,0.9859074355368579,0.9837504611217137,0.9859,0.9837,0.9858933579177797,0.9836887508019161
531,0.9861,0.984,0.04995129629969597,0.05148189142346382,0.9861227391123399,0.9840371974289094,0.9861,0.984,0.9861048197828616,0.9839963300969461
532,0.98605,0.9842,0.049974068999290466,0.05052349716424942,0.9860716382154635,0.9842332157331378,0.98605,0.9842,0.9860512011536362,0.9842031155312321
533,0.9852833333333333,0.9818,0.052474357187747955,0.05646292865276337,0.9853485881641469,0.9819746504247734,0.9852833333333333,0.9818,0.9852856437858433,0.9818137180366996
534,0.9862833333333333,0.9846,0.049175333231687546,0.05049750208854675,0.9862831566285835,0.9846297399615017,0.9862833333333333,0.9846,0.986277790044889,0.9845944505630995
535,0.9863666666666666,0.9845,0.049201127141714096,0.05123267322778702,0.9863712620961863,0.9845282490170401,0.9863666666666666,0.9845,0.9863635322095439,0.9844941796209454
536,0.9864333333333334,0.9838,0.04920775815844536,0.05067254602909088,0.9864438055065468,0.9838302240647363,0.9864333333333334,0.9838,0.986432547247103,0.9837986049591927
537,0.9863333333333333,0.9848,0.04914204776287079,0.04901151731610298,0.9863429472401494,0.9848061582442449,0.9863333333333333,0.9848,0.9863344929820634,0.984795126889037
538,0.9862833333333333,0.9848,0.04999151453375816,0.05153677240014076,0.9862969991555235,0.9848496870808647,0.9862833333333333,0.9848,0.9862796098014054,0.9847921218386962
539,0.98535,0.9839,0.050997521728277206,0.050396379083395004,0.9853916671438256,0.9839304662510038,0.98535,0.9839,0.9853494848715357,0.9839009350552298
540,0.98635,0.9849,0.04905011132359505,0.0513668954372406,0.9863482279909359,0.9849240172518267,0.98635,0.9849,0.9863454072411786,0.9848920383052026
541,0.98635,0.9841,0.048876985907554626,0.04975256323814392,0.9863619217813895,0.9841144965209436,0.98635,0.9841,0.9863519940085405,0.9840971232326985
542,0.9864,0.9847,0.04849322512745857,0.04997638612985611,0.9863996638674501,0.9847162264189264,0.9864,0.9847,0.9863978921230492,0.9846912888294399
543,0.9865,0.9849,0.04860014468431473,0.04998595640063286,0.9865056896149084,0.9849263689935124,0.9865,0.9849,0.9864987687767566,0.9848958891198303
544,0.9859166666666667,0.9841,0.04977499693632126,0.051899708807468414,0.9859309583131265,0.9841504946988034,0.9859166666666667,0.9841,0.9859150045184844,0.9840910117025287
545,0.9861333333333333,0.9852,0.04927957057952881,0.0497899055480957,0.986157471110356,0.9852333714407823,0.9861333333333333,0.9852,0.9861362618355252,0.9851989087856678
546,0.9861833333333333,0.9839,0.049411140382289886,0.05041184648871422,0.9862097858141312,0.9839359078777258,0.9861833333333333,0.9839,0.9861871079444698,0.9838975516823472
547,0.9862,0.9844,0.04944992810487747,0.05053802952170372,0.9862246086989143,0.9844523798255772,0.9862,0.9844,0.986200395013697,0.9843917675081648
548,0.9865833333333334,0.985,0.04870247095823288,0.05008644238114357,0.9865867998466802,0.9850219250294735,0.9865833333333334,0.985,0.9865800009424479,0.9849936757718349
549,0.9864166666666667,0.9846,0.049667030572891235,0.05114451423287392,0.9864261234049972,0.9846476110289711,0.9864166666666667,0.9846,0.9864092966550585,0.9845968976653198
550,0.9861166666666666,0.9843,0.049777232110500336,0.05097249150276184,0.986148149829205,0.9843614657354685,0.9861166666666666,0.9843,0.9861168178799976,0.9842926087113941
551,0.9858166666666667,0.9833,0.050240591168403625,0.05161583796143532,0.9858524331604087,0.9833544175895502,0.9858166666666667,0.9833,0.9858188620566389,0.9832993823925366
552,0.9863833333333333,0.984,0.04927266761660576,0.05182168632745743,0.9863991990520976,0.984046135830488,0.9863833333333333,0.984,0.9863812927602784,0.9839923067689164
553,0.98625,0.9843,0.04843899607658386,0.0496208518743515,0.9862618165851115,0.9843304524813644,0.98625,0.9843,0.9862520501326877,0.9842973484356122
554,0.9865166666666667,0.9839,0.04868784174323082,0.050760168582201004,0.9865279588401591,0.9839260528098448,0.9865166666666667,0.9839,0.9865167204348373,0.9838960404405165
555,0.98675,0.9847,0.04835150018334389,0.04986224323511124,0.9867560371513566,0.984716380215358,0.98675,0.9847,0.9867493392942789,0.9846943935548516
556,0.9860333333333333,0.9838,0.04944172874093056,0.04991740733385086,0.9860708120717284,0.9838283828400692,0.9860333333333333,0.9838,0.9860427405188457,0.9837992213795438
557,0.9839833333333333,0.9801,0.056141357868909836,0.06127631664276123,0.9841822538530632,0.9804277209057712,0.9839833333333333,0.9801,0.9840100851161321,0.9801389391120298
558,0.9858833333333333,0.9838,0.05016014352440834,0.05064176395535469,0.985947056770706,0.9838579911049039,0.9858833333333333,0.9838,0.9858951187320955,0.9838037336343536
559,0.9865333333333334,0.9846,0.04835236072540283,0.04992034286260605,0.9865376849631738,0.9846412495845241,0.9865333333333334,0.9846,0.9865280979185811,0.984589785651866
560,0.9864166666666667,0.9831,0.04951394721865654,0.05272393673658371,0.9864373784943284,0.983168136504346,0.9864166666666667,0.9831,0.9864145198535665,0.983097456586341
561,0.9867333333333334,0.9841,0.04812109097838402,0.04977882280945778,0.9867451539697324,0.9841190039817745,0.9867333333333334,0.9841,0.9867354642460179,0.9840975285711081
562,0.9863,0.9845,0.04972277954220772,0.05046068876981735,0.9863266953558358,0.984560307806853,0.9863,0.9845,0.9862973008843463,0.984500872356175
563,0.9848833333333333,0.9827,0.05246182903647423,0.05195634812116623,0.9849801663627369,0.9827761219505199,0.9848833333333333,0.9827,0.9848899620773717,0.9827051026582431
564,0.9864166666666667,0.9834,0.050019118934869766,0.05321197956800461,0.986440285976616,0.9834885755109958,0.9864166666666667,0.9834,0.986407878831655,0.9833902345684128
565,0.9862666666666666,0.9834,0.04966960847377777,0.051846954971551895,0.9863059517921254,0.9834498048758847,0.9862666666666666,0.9834,0.9862727906902282,0.9834025047423697
566,0.98675,0.9833,0.048399634659290314,0.05048871040344238,0.9867706848946839,0.9833432008331995,0.98675,0.9833,0.9867547694165175,0.9833015134907505
567,0.98675,0.9845,0.048136964440345764,0.050379469990730286,0.9867594564645275,0.9845404307635379,0.98675,0.9845,0.9867478527799308,0.9844929459434743
568,0.98675,0.9841,0.04849785566329956,0.04955136030912399,0.9867649635558655,0.984139438913766,0.98675,0.9841,0.9867491490150547,0.9840993410021341
569,0.9866166666666667,0.9832,0.04845624044537544,0.050208672881126404,0.986635747408498,0.9832360150285913,0.9866166666666667,0.9832,0.9866205606950855,0.983198510050203
570,0.9862833333333333,0.9826,0.04952047020196915,0.051054999232292175,0.9863154953453608,0.9826434665513041,0.9862833333333333,0.9826,0.9862913148774426,0.9826005153710906
571,0.986,0.9832,0.050088070333004,0.05145807936787605,0.9860517075081502,0.9832542467734459,0.986,0.9832,0.9860064602842056,0.9831999151393517
572,0.9865833333333334,0.984,0.04801482334733009,0.04897141829133034,0.986598862168309,0.9840193656424634,0.9865833333333334,0.984,0.9865857597350193,0.9839959276032699
573,0.9854833333333334,0.9849,0.0512906089425087,0.05054989084601402,0.9855237720242889,0.9849442815597981,0.9854833333333334,0.9849,0.9854772966445194,0.9848997467485633
574,0.9869666666666667,0.9838,0.048018962144851685,0.050185609608888626,0.986976261175632,0.9838271658713882,0.9869666666666667,0.9838,0.9869653889190653,0.9837944170267685
575,0.9863833333333333,0.9853,0.048849839717149734,0.04891529679298401,0.9864044611702054,0.9853133822902164,0.9863833333333333,0.9853,0.9863855569464743,0.9852967787827369
576,0.9868666666666667,0.9839,0.04755793884396553,0.04917754977941513,0.9868760706352527,0.9839200448861022,0.9868666666666667,0.9839,0.9868675580142983,0.9838946092933784
577,0.9867333333333334,0.9845,0.04760204628109932,0.04857589676976204,0.9867429270750776,0.9845099059399125,0.9867333333333334,0.9845,0.9867340986474546,0.9844921687229
578,0.9862166666666666,0.9838,0.05007356405258179,0.051246386021375656,0.9862776197264481,0.9839101644212039,0.9862166666666666,0.9838,0.9862235090572947,0.9838094465152358
579,0.9868166666666667,0.9851,0.04787930101156235,0.04914158582687378,0.9868205024906569,0.9851111832073464,0.9868166666666667,0.9851,0.9868157386697354,0.9850909725756585
580,0.98685,0.9843,0.04798155277967453,0.049103010445833206,0.9868534899764462,0.9843170446183503,0.98685,0.9843,0.9868453969500909,0.9842944835843127
581,0.9867833333333333,0.9836,0.04804597049951553,0.05141725391149521,0.9867955948619167,0.9836440534677316,0.9867833333333333,0.9836,0.9867829495895434,0.9835940485060817
582,0.9872333333333333,0.9844,0.04786156862974167,0.04929833486676216,0.9872404540293677,0.9844304232427923,0.9872333333333333,0.9844,0.9872300582803756,0.9843973413836138
583,0.987,0.9839,0.04770331457257271,0.04990556463599205,0.9870116990401416,0.983937971751926,0.987,0.9839,0.9870011057519483,0.983898622173607
584,0.9870833333333333,0.9842,0.047546129673719406,0.04911686107516289,0.9870934368662893,0.9842342558374665,0.9870833333333333,0.9842,0.9870830282698925,0.9841999164502023
585,0.9863666666666666,0.9836,0.04979008436203003,0.05284900963306427,0.9863809711493186,0.9836688086601715,0.9863666666666666,0.9836,0.986352523332606,0.9835870456411989
586,0.9860833333333333,0.9832,0.04977294057607651,0.05160140246152878,0.9861362719341696,0.9832509823848615,0.9860833333333333,0.9832,0.9860891185094851,0.9831986065644007
587,0.9870333333333333,0.9843,0.04793911054730415,0.049376100301742554,0.9870432568306272,0.9843358924380835,0.9870333333333333,0.9843,0.9870303334523746,0.9842978451641972
588,0.9868166666666667,0.9846,0.04774514213204384,0.048621196299791336,0.9868274852226243,0.9846147427900364,0.9868166666666667,0.9846,0.9868159735381258,0.9845941072849856
589,0.9870666666666666,0.9853,0.04731794074177742,0.04873832315206528,0.9870641781588387,0.985313057878019,0.9870666666666666,0.9853,0.9870610808865691,0.9852882517673633
590,0.9864333333333334,0.9851,0.04895200580358505,0.04959208518266678,0.98644134686948,0.985145741659046,0.9864333333333334,0.9851,0.98642278120181,0.9850899369488799
591,0.9864333333333334,0.9852,0.04985584691166878,0.05021141842007637,0.9864500956000822,0.9852403411663743,0.9864333333333334,0.9852,0.9864230963023155,0.9851898179866424
592,0.98695,0.9848,0.047933001071214676,0.0503341443836689,0.9869565724896051,0.9848267431889228,0.98695,0.9848,0.9869475934257828,0.9847934472679126
593,0.9868333333333333,0.9843,0.048341184854507446,0.04961974918842316,0.9868544661485024,0.9843266714960383,0.9868333333333333,0.9843,0.9868332741057245,0.9842981751087243
594,0.9869833333333333,0.985,0.04735182970762253,0.048181358724832535,0.9869832852695137,0.9850073374787486,0.9869833333333333,0.985,0.9869805589681397,0.9849882864475227
595,0.9864833333333334,0.9852,0.04978528618812561,0.05009840056300163,0.9865299324417529,0.9852622882120259,0.9864833333333334,0.9852,0.9864822355122411,0.9851950489146573
596,0.98685,0.9855,0.04781237244606018,0.048662155866622925,0.9868662896949493,0.9855369272545413,0.98685,0.9855,0.9868486633823186,0.985494584499588
597,0.9867666666666667,0.9843,0.048006895929574966,0.04953629896044731,0.9867812492052546,0.9843527718831628,0.9867666666666667,0.9843,0.986764807880855,0.9842911767620449
598,0.9865833333333334,0.9841,0.04895636439323425,0.05165025591850281,0.9866051552965086,0.9841930351709274,0.9865833333333334,0.9841,0.9865754380498019,0.9840921726489984
599,0.98625,0.9851,0.0493304543197155,0.04841006547212601,0.9863158934488764,0.9851323261554656,0.98625,0.9851,0.9862588411006953,0.9851026436388632
600,0.9865,0.9831,0.04908888414502144,0.05114592984318733,0.9865235729145886,0.9831730537477166,0.9865,0.9831,0.9864920807970811,0.9830889629710582
